"ID","Description","GeneRatio","BgRatio","pvalue","p.adjust","qvalue","geneID","Count"
"hsa04144","Endocytosis","243/7005","244/7860",1.24506819755266e-11,3.94686618624192e-09,1.99210911608425e-09,"9744/23527/116983/116987/116986/116988/273/160/161/163/1173/1175/116985/116984/64411/375/377/381/382/55738/84364/26286/10565/10564/10552/10095/10109/10094/10093/10092/81873/408/409/50807/8853/55616/274/829/830/832/857/858/859/867/868/23624/1234/998/5119/57132/27243/25978/51652/29082/128866/92421/51510/79643/91782/1211/1212/1213/8218/3577/3579/7852/9267/9266/9265/27128/1601/9829/1759/1785/26052/8411/1956/10938/30846/30845/30844/29924/22905/55040/2060/58513/2263/2261/2264/2348/2350/2352/8729/28964/9815/6011/156/157/2868/2869/2870/131890/9146/3105/3106/3107/3133/3134/3135/3265/3303/3304/3305/3306/3310/3312/3480/3482/3559/3560/3561/9922/23096/440073/9798/83737/390243/3798/3799/3800/3949/26119/4193/93343/89853/4734/23327/56288/50855/84612/84552/10015/5156/8394/8395/23396/138429/5337/5338/5371/5584/5590/5662/84249/23362/23550/10890/8766/9230/80223/22841/9727/84440/26056/57403/11031/11021/5867/5868/5869/5878/7879/4218/9135/64145/387/100526767/10193/80230/6455/6456/6457/51100/56904/30011/4087/4088/60682/64744/57154/64750/11267/6642/29934/6643/8724/254122/8723/27131/58533/23111/51324/6714/8027/10254/10617/7037/7046/7048/7189/7251/7314/9101/84313/9559/112936/51160/51699/55737/51028/137492/79720/55048/155382/11311/27183/9525/51534/7454/100287171/387680/253725/51019/23325/9897/8976/7456/147179/644150/11059/9765/118813/9372",243
"hsa04510","Focal adhesion","198/7005","199/7860",2.12200488414917e-09,3.36337774137643e-07,1.69760390731934e-07,"60/71/87/81/207/208/10000/2909/394/572/9564/596/329/330/673/824/857/858/859/595/894/896/998/1101/1277/1278/1280/1282/1284/1285/1286/1287/1288/1291/1292/1293/256076/131873/1297/1298/1299/1311/1398/1399/1499/1729/1793/1950/1956/2002/2064/2316/2317/2318/2321/2324/2335/2534/2885/2932/3082/3265/3381/3479/3480/3611/3672/8515/22801/3673/3674/3675/3676/3678/3655/3679/8516/3680/3685/3688/3690/3691/3693/3694/3695/3696/3725/3791/284217/3908/3909/3910/3911/3912/3913/3914/22798/3915/3918/10319/5604/5594/5602/5595/5599/5601/4233/93408/10627/103910/4633/4636/58498/10398/4638/85366/91807/340156/29895/5058/5062/5063/10298/57144/56924/106821730/55742/29780/64098/5154/5155/56034/80310/5156/5159/5170/5228/5290/5291/5293/5295/5296/8503/23396/5499/5500/5501/4659/4660/54776/5578/5579/5582/5728/5747/5829/5879/5880/5894/5906/5908/2889/5923/5649/387/6093/9475/6464/25759/53358/399694/6654/6655/6696/6714/7057/7058/7059/7060/7094/83660/3371/63923/7143/7148/7408/7409/7410/10451/7414/7422/7423/7424/2277/7448/7450/331/7791",198
"hsa04010","MAPK signaling pathway","287/7005","295/7860",9.6828350634209e-08,1.02315290503481e-05,5.16417870049115e-06,"207/208/10000/284/285/51378/369/374/408/409/1386/468/627/673/773/774/775/776/777/778/8913/8912/8911/779/781/9254/55799/93589/782/783/784/785/10369/10368/27092/27091/59285/59284/59283/836/929/994/998/1147/1398/1399/1435/1436/1616/1649/1843/11221/80824/1844/1845/1846/1847/1848/1849/1850/1852/51295/1942/1943/1944/1945/1946/1950/1956/2002/2005/1969/2064/2065/2066/2069/355/356/2246/2255/8823/8822/8817/9965/2247/26281/26291/27006/8074/2249/2250/2252/2253/2254/2260/2263/2261/2264/2316/2317/2318/2321/2322/2323/2324/2353/1647/4616/10912/2768/55970/2885/3082/3265/3303/3304/3305/3306/3310/3312/3315/3479/3480/3481/3551/8517/3552/3553/3554/3556/3643/3654/51135/8681/3725/3727/3791/3815/4254/3845/8649/5604/5605/5606/6416/5607/5608/5609/4214/4296/7786/9175/9020/10746/51776/4215/4216/4217/9064/6885/1326/11184/5871/8491/9448/5594/5602/5600/6300/5603/1432/5595/5598/5599/9479/23542/23162/5601/9261/7867/8550/4137/4149/2122/4208/4233/8569/2872/22808/4609/4615/4763/4772/4775/4790/4791/4803/4804/51701/3164/4893/4908/4909/4914/4915/5058/5062/5154/5155/56034/80310/5156/5159/5228/5321/100137049/8605/283748/123745/255189/5494/5495/5530/5532/5533/5534/5536/100506012/5566/5567/5578/5579/5582/84867/5778/5801/5879/5880/5894/5906/5908/9693/5921/5922/5923/5924/10125/10235/25780/115727/5970/5971/6195/6196/6197/8986/9252/27330/6237/22800/6654/6655/6722/6788/6789/3925/10454/23118/57551/9344/51347/7010/7039/7042/7043/7046/7048/7124/7132/7157/8717/7186/7189/7422/7423/7424/2277",287
"hsa04360","Axon guidance","179/7005","181/7860",1.91118309355658e-07,1.51461260164359e-05,7.64473237422631e-06,"25/3983/84448/22885/23365/655/658/659/91653/815/816/817/818/998/1020/1072/1073/6387/7852/1630/1808/56896/1942/1943/1944/1945/1946/1947/1948/1949/55740/2041/1969/2042/2043/2044/285220/2045/2046/2047/2048/2049/2050/2051/2242/2534/7976/151449/2770/2771/2773/2932/3265/3611/3688/3845/3897/3984/3985/64101/57689/5594/5595/4233/10627/103910/4636/10398/4690/8440/4756/4773/4775/4776/25791/4893/8829/9423/4917/59277/22854/84628/5058/5062/5063/10298/57144/56924/106821730/56288/50855/84612/84552/5163/5290/5291/5293/5295/5296/8503/5335/5336/5361/5362/55558/91584/5364/23654/5365/10154/5530/5532/5533/5534/5578/5590/5727/5747/5781/5879/5880/5894/5921/56963/5998/387/29984/27289/6091/6092/64221/6093/9475/6237/6259/10371/7869/10512/223117/9723/6405/56920/64218/10509/54910/10507/10505/57715/9037/54437/57556/10501/10500/80031/8482/6469/6585/9353/6586/6608/6714/57522/23380/9901/54434/85464/54961/7220/7222/7223/7224/7225/90249/219699/8633/137970/54361/7474/81029",179
"hsa04062","Chemokine signaling pathway","187/7005","190/7860",5.96101973987764e-07,3.31108770930683e-05,1.67121146211071e-05,"107/108/109/196883/111/112/113/114/115/207/208/10000/408/409/572/9564/673/6346/6356/6357/6358/6359/6360/6361/6362/6363/6347/6364/6366/6367/6368/6369/6370/10344/56477/6348/6349/414062/6351/9560/388372/6352/6354/6355/1230/2826/729230/1232/1233/1234/1235/1236/1237/10803/998/1147/1398/1399/6376/1524/2919/3627/6373/6387/10563/9547/58191/2920/2921/6374/6372/3576/4283/3577/3579/2833/7852/643/10663/1794/9844/2268/2309/2770/2771/2773/2782/2783/2784/59345/10681/2790/2791/55970/51764/54331/2785/2786/2787/2788/94235/2792/2793/2885/6011/156/157/2868/2869/2870/131890/2931/2932/3055/3265/3551/8517/3702/3717/3718/3845/4067/5604/5594/5595/653361/4790/4792/4793/4893/5058/56288/5196/5197/5290/5291/5293/5294/5295/5296/8503/23533/146850/23236/5330/5331/5332/5473/57580/5566/5567/5579/5580/5590/5747/2185/5829/5879/5880/5894/5906/5908/10235/5970/387/6093/9475/6464/25759/53358/399694/6654/6655/6714/6772/6773/6774/6777/7074/7409/7410/10451/7454/8976/6375/6846/2829",187
"hsa04142","Lysosome","123/7005","123/7860",6.26704298291514e-07,3.31108770930683e-05,1.67121146211071e-05,"20/23457/53/54/175/162/164/8906/8907/10053/1174/8905/130340/8546/8120/8943/26985/10947/1176/10239/10717/23431/9179/11154/410/411/22901/427/537/535/23545/50617/533/527/9114/245972/51606/8763/967/968/1201/1203/1211/1212/1213/8218/1497/5476/1508/1075/1509/1510/8722/1511/1512/1513/1514/1519/1520/1515/1521/1522/1777/58511/9583/2517/2548/2581/2588/2629/26088/23062/23163/2717/2720/2760/79158/84572/2799/2990/3073/3074/138050/3373/3423/3425/3482/3916/3920/27074/9741/55353/7805/5641/3988/9516/4074/4125/4126/57192/256471/4668/4669/51172/9476/4758/4864/10577/23659/5538/9374/5660/768239/950/6448/6556/4891/26503/6609/6272/285362/10312/1200",123
"hsa04150","mTOR signaling pathway","151/7005","153/7860",3.72523582483363e-06,0.000158981469173707,8.02430128321548e-05,"207/84335/208/10000/523/525/526/528/245973/51382/529/90423/9296/9550/534/127124/51606/673/51719/81617/652968/729438/1147/6249/54541/9681/64798/1855/1856/1857/1975/1977/253314/9470/1978/201163/96459/57600/8321/11211/2535/7976/8322/7855/8323/8324/8325/8326/2887/2885/2932/3265/3479/3480/3551/3643/3667/3845/55004/28956/8649/389541/10542/23175/4041/4040/5604/5605/5594/5595/79109/54468/64223/2475/10641/8131/4893/5170/5290/5291/5293/5295/5296/8503/5562/5563/5578/5579/5582/55615/5728/5894/6009/387/253260/220441/6194/6195/6196/6197/27330/6198/6199/57521/10670/10325/64121/58528/6396/81929/83667/6446/6502/153129/6520/8140/6654/6655/6794/92335/55437/51256/107080638/9894/7124/7132/7248/7249/9675/8408/9706/84219/79726/7471/80326/7480/7481/51384/7472/7482/7473/89780/54361/7474/81029/7475/7476/7477/7479/7483/7484",151
"hsa04015","Rap1 signaling pathway","201/7005","206/7860",4.01215064160774e-06,0.000158981469173707,8.02430128321548e-05,"60/71/107/108/109/196883/111/112/113/114/115/135/136/4301/207/208/10000/284/285/51378/54518/64411/9564/673/801/805/808/810/91860/163688/998/999/1268/1398/1399/1435/1436/1499/1500/9732/1813/1942/1943/1944/1945/1946/1950/1956/1969/2149/9002/9855/2246/2255/8823/8822/8817/9965/2247/26281/26291/27006/8074/2249/2250/2252/2253/2254/2260/2263/2261/2264/2321/2324/2357/2533/2770/2771/2773/2775/2776/2778/2902/2903/2904/3082/3265/3397/3479/3480/3643/3674/3683/3684/3688/3689/3690/3791/3815/4254/3845/889/27040/3937/1902/9170/23566/2846/57121/9223/9863/260425/5604/5605/5606/5608/5594/5600/6300/5603/1432/5595/4233/22808/4803/4804/4893/5028/56288/50855/84612/84552/5154/5155/56034/80310/5156/5159/5216/5217/345456/375189/5228/5290/5291/5293/5295/5296/8503/23236/5330/5331/5332/51196/5335/5578/5579/5582/5584/5590/5587/25865/23683/5879/5880/5894/5898/5899/5900/5906/5908/5909/2889/9693/10411/11069/9771/51735/10235/25780/83593/10636/387/6237/6494/26037/57568/23094/8631/6714/7010/7057/7074/7094/83660/7408/7410/7422/7423/7424/2277",201
"hsa05166","Human T-cell leukemia virus 1 infection","213/7005","219/7860",5.44174312949412e-06,0.000181354177125978,9.15352313569605e-05,"107/108/109/196883/111/112/113/114/115/207/208/10000/64682/10393/51529/29882/29945/51433/51434/1386/468/1388/472/545/567/581/598/701/9184/811/821/8900/890/9133/595/894/896/898/9134/915/916/917/920/958/8881/991/8697/246184/996/1017/1019/1026/1029/1030/1031/1111/11200/1147/1385/10488/90993/64764/84699/148327/9586/1387/23373/200186/64784/1437/1739/1869/1870/1871/1958/1959/2002/2005/2033/9700/2113/2114/2224/2353/8061/2874/3105/3106/3107/3108/3109/3111/3112/3113/3115/3117/3118/3119/3122/3123/3127/3133/3134/3135/3265/3383/3551/8517/3600/3601/3554/7850/3558/3559/3560/3561/3569/3683/3689/3716/3718/3725/2648/8850/10524/3845/3932/4049/4055/8379/4085/5604/5605/6416/4214/9020/4215/5594/5602/5595/5599/5601/4316/4487/4488/4609/4772/4773/4775/4776/4790/4791/4792/4801/4893/8829/5290/5291/5293/5295/5296/8503/5423/5530/5532/5533/5534/5566/5567/5728/9232/10744/5901/5902/8498/5925/5970/5971/83447/291/292/293/6513/4087/4088/4089/6688/6722/6776/6777/6908/9519/387332/6929/7015/7042/7043/7046/7048/7094/83660/7124/115650/7132/7157/8295/706/55697/7416/7417/7419/331/7514",213
"hsa05168","Herpes simplex virus 1 infection","466/7005","492/7860",5.72095195981003e-06,0.000181354177125978,9.15352313569605e-05,"207/208/10000/10189/317/567/572/578/581/596/598/637/329/330/684/718/727/811/64170/836/841/842/6347/6352/972/5199/115004/1147/54205/1616/23586/27102/5610/9451/440275/1967/8892/8891/8890/8893/1965/1978/8772/355/356/3054/29915/284459/3105/3106/3107/3108/3109/3111/3112/3113/3115/3117/3118/3119/3122/3123/3127/3133/3134/3135/64135/3442/3454/3455/3458/3459/3460/3551/9641/8517/3592/3593/3553/3569/3654/51135/3661/3665/10379/3678/3690/3716/3717/4049/6885/57506/2475/4615/5818/4790/4792/10482/56000/55998/4938/4939/4940/2923/5290/5291/5293/5295/5296/8503/29992/5371/5451/5452/25833/5499/5500/5501/5781/57786/5970/6009/6041/9021/6672/6714/6732/6426/6427/6428/6429/6430/6431/6432/10929/8683/6772/6773/6850/10454/23118/6890/6891/6892/29110/7097/7098/54106/340061/7124/8764/7132/8740/7157/8717/7186/7187/7188/7189/7248/7249/7297/162239/57677/140612/22835/7539/346171/339559/65243/284406/146198/139735/284307/114026/7556/163227/94039/51427/7771/163071/7559/7678/7691/7692/7694/7695/7561/7699/7700/7710/7711/7712/90338/169841/7565/7728/7730/7733/339318/7569/7738/7743/7567/7748/7549/7568/7752/7755/7757/10520/7988/7761/7673/7767/7768/7769/7770/7772/7571/7773/353355/10780/9310/57209/219749/58500/90987/56242/9534/10172/113835/7574/9422/10308/10795/10793/10838/8427/284349/342909/26974/57335/729288/7551/90075/91975/55900/57343/282890/100131017/57693/162967/25799/388569/55422/84449/55713/26152/7581/7582/80778/79175/84671/59348/6940/117608/30832/7587/84911/163087/57541/342908/7592/55786/55659/147687/147686/79744/147923/155054/79088/353088/7594/80264/170959/9668/163059/80818/90594/51710/126070/79973/10224/7596/285676/10794/92283/90333/388566/57573/25888/147657/83744/90649/57474/57615/440515/22869/84874/340385/162655/84503/84436/57711/348327/147658/163255/125919/27300/339327/284306/147694/256051/162972/90233/79818/115196/148254/80032/79230/148156/84527/100529215/147741/93134/54811/147837/163050/147929/84924/163081/374900/148266/126295/148268/51276/84765/147948/147949/201514/199704/92285/84914/51385/152687/169270/146434/148103/162966/100289635/80095/84775/162963/81856/79898/80110/284370/90317/285267/253639/285268/9831/57547/199692/57232/121274/65251/26149/389114/79788/63934/79862/93474/79891/641339/171392/163223/342926/340252/91120/127396/146542/115509/374879/7553/90592/55762/440077/100131539/286075/7562/163051/349075/148206/441234/100131827/255403/170960/730087/442319/100287226/100129543/728927/7625/155061/388567/388561/284390/92595/91661/90321/79724/58492/400720/374928/27153/197320/284323/163131/158431/100289678/146540/136051/7633/388536/163049/126375/390927/90576/7554/347344/126017/730051/125893/55552/374899/55769/162962/7637/284371/91664/162993/7639/342892/54753/344787/729747/345462/101060200/7643/7644/81931/148198/7652/54925",466
"hsa04810","Regulation of actin cytoskeleton","208/7005","214/7860",8.57579308387779e-06,0.000241584867879128,0.000121935580002084,"10152/60/71/87/81/324/10297/369/2909/9138/23365/50649/9459/8874/10552/10095/10109/10094/10093/10092/81873/10458/9564/623/624/673/55845/998/1072/1073/1128/1129/1131/1132/1133/1398/1399/6387/7852/23191/26999/1729/1730/81624/1793/1950/1956/55740/7430/2149/2245/89846/2246/2255/8823/8822/8817/9965/2247/26281/26291/27006/8074/2249/2250/2252/2253/2254/2260/2263/2261/2264/2335/28964/2768/10672/55970/2934/3265/3645/8826/10788/128239/3672/8515/22801/3673/3674/3675/3676/3678/3655/3679/8516/3680/3681/3682/3683/3684/3685/3687/3688/3689/3690/3691/3693/3694/3695/3696/3845/3984/3985/1902/9170/2846/57121/5604/5605/5594/5595/4342/22808/4478/4628/79784/4627/93408/10627/103910/4633/4636/58498/10398/4638/85366/91807/340156/29895/10787/3071/4893/5058/5062/5063/10298/57144/56924/106821730/5154/5155/56034/80310/5156/5159/5216/5217/345456/375189/5290/5291/5293/5295/5296/8503/200576/5305/8396/79837/8394/8395/23396/5499/5500/5501/4659/4660/54776/5747/5829/5879/5880/5894/5962/387/6093/9475/6237/22800/85477/6548/6654/6655/221178/6714/54434/85464/54961/7074/7114/9087/7409/7410/10451/7414/7454/8936/10163/8976",208
"hsa04110","Cell cycle","123/7005","124/7860",9.14516850015626e-06,0.000241584867879128,0.000121935580002084,"25/64682/10393/51529/25847/29882/29945/51433/51434/472/545/699/701/9184/8900/890/891/9133/85417/595/894/896/898/9134/902/8556/8555/8881/991/8697/993/994/995/246184/996/8318/990/8317/983/1017/1019/1021/1022/1026/1027/1028/1029/1030/1031/1032/1111/11200/1387/8454/10926/1869/1870/1871/1874/1875/2033/9700/51343/1647/4616/10912/2932/3065/3066/8379/4085/10459/4171/4172/4173/4174/4175/4176/4193/4609/4998/4999/23595/5000/5001/23594/5111/9088/5347/5591/9232/10744/5885/5925/5933/5934/9978/2810/6500/6502/4087/4088/4089/8243/27127/9126/10274/10735/7027/7029/7042/7043/7157/7272/7465/494551/7529/7531/7532/7533/10971/7534/7709",123
"hsa04722","Neurotrophin signaling pathway","118/7005","119/7860",1.57889180893838e-05,0.00038500669494882,0.000194325145715493,"25/207/208/10000/396/397/398/468/572/581/596/627/27018/673/801/805/808/810/91860/163688/815/816/817/818/814/998/1398/1399/356/2309/10818/2549/2885/2932/3265/3551/3654/3656/11213/51135/3667/3725/57498/3845/9500/5604/5605/5607/5609/4214/4215/4217/5594/5602/5600/6300/5603/1432/5595/5598/5599/5601/9261/4145/4790/4792/4793/4794/4803/4804/4893/4908/4909/4914/4915/4916/5170/5290/5291/5293/5295/5296/8503/5335/5336/11108/5580/5663/5664/5781/5879/5894/5906/5908/2889/5970/387/8767/6195/6196/6197/9252/27330/25970/10603/10019/6464/25759/53358/399694/6272/6654/6655/7157/7161/7189/7531/10782",118
"hsa04934","Cushing syndrome","152/7005","155/7860",2.02962003018126e-05,0.000459563963976758,0.000231956574877859,"107/108/109/196883/111/112/113/114/115/183/185/196/9049/23746/324/10297/79798/405/9070/1386/468/1388/8312/8313/673/775/776/778/8913/8912/8911/779/815/816/817/818/595/898/9134/1017/1019/1021/1026/1027/1029/1030/1031/1385/10488/90993/64764/84699/148327/9586/1392/1394/1395/1499/1583/1586/1589/1855/1856/1857/1869/1870/1871/1956/2271/8321/11211/2535/7976/8322/7855/8323/8324/8325/8326/2767/2770/2771/2773/2776/2778/2932/3283/3284/3708/3709/3710/3739/3776/3777/4297/8085/3949/51176/5604/5605/5594/5595/4158/4221/56246/57552/3164/2516/84876/5087/50940/5151/8622/23236/5330/5331/5332/5443/5566/5567/5906/5908/51655/5925/5929/949/6667/6770/6932/83439/6934/9101/11091/54554/7471/80326/7480/7481/51384/7472/7482/7473/89780/54361/7474/81029/7475/7476/7477/7479/7483/7484",152
"hsa04390","Hippo signaling pathway","151/7005","154/7860",2.24022128154901e-05,0.000473433430834024,0.000238956936698561,"60/71/174/84962/268/154796/324/10297/374/8312/8313/27113/329/332/650/652/653/654/655/353500/656/657/658/659/8945/595/894/896/999/23418/286204/1453/1454/1495/1496/29119/1499/1739/1740/1741/1742/1855/1856/1857/23291/2246/79981/122786/8321/11211/2535/7976/8322/7855/8323/8324/8325/8326/8200/392255/151449/2736/2932/3397/3398/3689/9113/26524/51176/8994/3996/3993/55233/92597/64398/4609/4771/85407/56288/50855/84612/84552/10207/5499/5500/5501/5515/5516/5518/5519/5520/5521/5522/55844/5584/5590/11186/166824/60485/23513/5054/4086/4087/4088/4089/4092/6591/6657/6788/6932/83439/6934/7003/8463/7005/7004/7042/7043/7046/7048/7159/7161/102800317/7471/80326/7480/7481/51384/7472/7482/7473/89780/54361/7474/81029/7475/7476/7477/7479/7483/7484/126374/23286/25937/10413/7529/7531/7532/7533/10971/7534",151
"hsa04014","Ras signaling pathway","224/7005","232/7860",2.55794618971275e-05,0.000484771029961075,0.000244679384207483,"25/27/4301/207/208/10000/284/285/51378/382/572/598/627/8315/801/805/808/810/91860/163688/998/1147/1435/1436/1942/1943/1944/1945/1946/1950/1956/2002/1969/2113/2114/55770/356/2246/2255/8823/8822/8817/9965/2247/26281/26291/27006/8074/2249/2250/2252/2253/2254/2260/2263/2261/2264/2321/2322/2323/2324/4303/2549/9846/2782/2783/2784/59345/10681/2790/2791/55970/51764/54331/2785/2786/2787/2788/94235/2792/2793/2885/2902/2903/2904/3082/3265/3363/3479/3480/3481/3551/8517/3643/8681/3791/3815/4254/3845/8844/283455/27040/5604/5605/5594/5602/5595/5599/5601/4233/22808/4763/4790/4803/4804/4893/4908/4909/4914/4915/5058/5062/5063/10298/57144/56924/106821730/5154/5155/56034/80310/5156/5159/5228/5290/5291/5293/5295/5296/8503/51365/8399/81579/84647/11145/5319/5320/391013/26279/50487/5321/100137049/8605/283748/123745/255189/5322/8398/51196/5335/5336/5337/5338/5566/5567/5578/5579/5582/5781/5868/5869/5878/5879/5880/5894/5898/5899/10928/5900/5906/5908/9771/5921/5922/22821/10156/100271927/8437/9462/64926/5923/5924/10125/10235/25780/115727/11186/83593/5966/5970/23179/5863/387/9610/6237/22800/6464/25759/53358/399694/8036/6654/6655/6789/8831/29110/7010/7039/7074/7422/7423/7424/2277/7535",224
"hsa05203","Viral carcinogenesis","195/7005","201/7860",2.75264307233418e-05,0.000484771029961075,0.000244679384207483,"87/81/1386/468/1388/9114/245972/572/578/581/718/836/841/8900/890/595/894/896/898/9134/1232/1233/1234/1237/991/998/983/1017/1019/1021/1026/1027/1029/1030/1108/1111/1385/10488/90993/64764/84699/148327/9586/1387/1642/1654/1739/9093/1959/1960/5610/2033/2885/2934/2957/11036/2958/2959/2960/2961/2965/2966/728340/2967/2968/286436/3065/83933/79885/3066/8841/9759/10014/10013/51564/55869/9734/3018/8347/3017/8344/8343/8339/8345/8346/8970/85236/8340/8342/8341/8348/8359/8366/8364/8360/8367/8361/8365/8294/8363/8368/8349/440689/8370/554313/128312/121504/3105/3106/3107/3133/3134/3135/3190/3249/3265/8517/3572/3661/3665/10379/3716/3718/3725/2648/8850/3845/4055/4067/8379/5594/5595/9261/4193/28973/4790/4791/4792/4893/5290/5291/5293/5295/5296/8503/5315/5366/5423/5566/5567/5700/5829/5879/5902/5922/5925/5933/5934/3516/11317/5966/5970/387/85477/23513/6502/27044/22938/6672/6714/6722/6774/6776/6777/6850/6908/9519/387332/7157/8717/7185/7186/7187/7188/7337/23352/7874/55697/7419/7529/7531/7532/7533/10971/7534",195
"hsa05205","Proteoglycans in cancer","195/7005","201/7860",2.75264307233418e-05,0.000484771029961075,0.000244679384207483,"60/71/207/208/10000/286/287/288/369/9138/23365/673/815/816/817/818/836/857/858/859/867/595/960/967/998/1026/81578/1499/1514/2017/1634/1655/29102/1956/1975/2002/2064/2065/2066/2099/7430/355/356/2247/2260/2316/2317/2318/2335/10818/8321/11211/2535/7976/8322/7855/8323/8324/8325/8326/2549/2817/2719/2885/1839/3059/3082/3091/3236/10855/60495/3265/3316/3339/3479/3480/3481/3549/3593/8826/3673/3678/3685/3688/3690/3693/3708/3709/3710/3791/3845/4060/5604/5605/5594/5600/6300/5603/1432/5595/4193/4233/4313/4318/22808/4478/2475/4609/79923/4893/84309/5058/27250/5170/5290/5291/5293/5295/5296/8503/5328/5329/51196/5335/5336/5499/5500/5501/4659/4660/54776/5566/5567/5578/5579/5582/5727/5747/5781/5777/5829/5879/5894/5962/387/6093/9475/6194/6198/6199/6237/22800/6382/6383/6385/6469/6548/4087/6608/6654/6655/6714/6774/7023/7042/7057/7074/7078/7097/7099/7124/7157/7291/117581/7410/7422/7448/7471/80326/7480/7481/51384/7472/7482/7473/89780/54361/7474/81029/7475/7476/7477/7479/7483/7484",195
"hsa04725","Cholinergic synapse","111/7005","112/7860",3.38021796048881e-05,0.00055142698252865,0.000278322767206889,"43/107/108/109/196883/111/112/113/114/115/207/208/10000/468/596/773/774/775/776/778/779/815/816/817/818/814/1103/1128/1129/1131/1132/1133/1136/1137/8973/1139/1141/1143/1385/10488/90993/64764/84699/148327/9586/2353/2534/2767/2770/2771/2773/2775/2776/2782/2783/2784/59345/10681/2790/2791/55970/51764/54331/2785/2786/2787/2788/94235/2792/2793/3265/3708/3709/3710/3717/3768/3770/3759/3760/3761/3763/3784/3785/3786/9132/56479/3845/5604/5594/5595/4893/5290/5291/5293/5294/5295/5296/8503/23533/146850/23236/5330/5331/5332/5566/5567/5578/5579/5582/6572/60482",111
"hsa04022","cGMP-PKG signaling pathway","162/7005","166/7860",3.6475984822343e-05,0.00055142698252865,0.000278322767206889,"107/108/109/196883/111/112/113/114/115/134/140/148/147/146/150/151/152/153/154/155/185/207/208/10000/1386/468/1388/476/477/478/480/481/482/483/23439/487/488/489/490/491/492/493/572/624/4207/100271849/775/776/778/779/801/805/808/810/91860/163688/1259/1258/1385/10488/90993/64764/84699/148327/9586/1909/1910/486/2626/2767/2768/10672/2770/2771/2773/2776/2969/9569/2982/2977/2983/3643/3667/8660/8471/3708/3709/3710/3764/3778/3779/10242/27094/27345/157855/5604/5605/5594/5595/4205/4208/4209/10335/4625/10398/4638/85366/91807/340156/4772/4773/4775/4776/4846/4878/4879/4880/4881/4882/4985/5138/5139/5140/8654/5294/23533/146850/23236/5330/5331/5332/5350/10105/5499/5500/5501/4659/5530/5532/5533/5534/5581/5592/5593/5894/5997/387/6093/9475/83447/291/292/293/6546/6543/6547/6722/7225/7408/7416/7417/7419",162
"hsa04728","Dopaminergic synapse","129/7005","131/7860",3.65298631959042e-05,0.00055142698252865,0.000278322767206889,"111/207/208/10000/406/409/1386/468/1388/773/774/775/776/801/805/808/810/91860/163688/50632/815/816/817/818/9575/1312/1385/10488/90993/64764/84699/148327/9586/1644/1812/1813/1814/1815/1816/2353/2770/2771/2773/2774/2775/2776/2778/2782/2783/2784/59345/10681/2790/2791/55970/51764/54331/2785/2786/2787/2788/94235/2792/2793/2890/2891/2892/2893/2903/2904/2931/2932/3708/3709/3710/3760/3762/3763/3765/3798/3799/3800/220074/4128/4129/5602/5600/6300/5603/1432/5599/5601/23236/5330/5331/5332/5499/5500/5501/84152/5515/5516/5518/5519/5520/5521/5522/55844/5523/28227/55012/5525/5526/5527/5528/5529/5530/5532/5533/5566/5567/5578/5579/5582/6323/6570/6571/6531/7054",129
"hsa04668","TNF signaling pathway","109/7005","110/7860",4.19830303616477e-05,0.000604937301120106,0.000305331129902893,"207/208/10000/1386/468/1388/9530/602/329/330/843/836/840/841/6347/6364/6352/1051/8837/1147/1385/10488/90993/64764/84699/148327/9586/1435/1437/6376/2919/3627/2920/2921/6374/153090/10059/1906/8772/355/2353/3383/3551/8517/3600/8809/3553/3569/3659/83737/182/3725/3726/3976/4049/5604/5606/6416/5608/5609/9020/4217/6885/1326/5594/5602/5600/6300/5603/1432/5595/5599/5601/197259/4323/4314/4318/4790/4792/64127/192111/5290/5291/5293/5295/5296/8503/5743/5970/8737/11035/8986/9252/6401/9021/10454/23118/257397/7124/7128/7132/7133/8717/7185/7186/7187/7188/7412/7424",109
"hsa04512","ECM-receptor interaction","86/7005","86/7860",4.71976397377669e-05,0.000623402158203005,0.000314650931585113,"375790/948/960/961/1101/1277/1278/1280/1282/1284/1285/1286/1287/1288/1291/1292/1293/256076/131873/1297/1298/1299/1311/1605/2335/80144/158326/341640/2811/2812/2814/51206/2815/3161/3339/3381/3672/8515/22801/3673/3674/3675/3676/3678/3655/3679/8516/3680/3685/3688/3690/3691/3693/3694/3695/3696/284217/3908/3909/3910/3911/3912/3913/3914/22798/3915/3918/10319/255743/5649/6382/6385/6696/9900/9899/22987/7057/7058/7059/7060/3371/63923/7143/7148/7448/7450",86
"hsa05132","Salmonella infection","86/7005","86/7860",4.71976397377669e-05,0.000623402158203005,0.000314650931585113,"60/71/10552/10095/10109/10094/10093/10092/81873/834/6348/6349/414062/6351/9560/388372/929/998/1437/2919/2920/2921/3576/1778/1780/1781/51143/1783/79659/2316/2317/2318/2353/3458/3459/3460/3606/3552/3553/3569/3725/3831/64837/147700/89953/3929/5594/5602/5600/6300/5603/1432/5595/5599/5601/4615/4628/79784/4627/4790/58484/4843/5216/5217/345456/375189/5585/5586/29941/23207/29108/7879/338382/5879/5970/391/83547/6093/9475/7082/7099/7100/7454/8936/10163/8976",86
"hsa04020","Calcium signaling pathway","182/7005","188/7860",8.61071949364293e-05,0.00109183923179392,0.000551086047593147,"107/108/109/196883/113/114/115/135/136/148/147/146/153/154/155/185/487/488/489/490/491/492/493/552/553/623/624/773/774/775/776/777/778/8913/8912/8911/779/801/805/808/810/91860/163688/8536/57118/57172/815/816/817/818/814/886/887/952/1128/1129/1131/1133/1139/7852/10800/57105/1812/1816/1909/1910/1956/2064/2065/2066/2149/2767/9630/2769/2774/2776/2778/2902/2903/2905/2906/2911/2915/2925/3269/3274/3356/3357/3358/3360/3361/3362/3363/3706/3707/80271/3708/3709/3710/3973/56413/90550/4638/85366/91807/340156/4842/4843/4846/4923/84876/80228/93129/5021/5023/22953/5024/5025/5026/9127/5027/5136/5153/5137/5156/5159/5255/5256/5257/5260/5261/23236/5330/5331/5332/5333/113026/84812/51196/5335/5336/5350/10105/5530/5532/5533/5534/5566/5567/5578/5579/5582/5724/5731/5733/5737/2185/6261/6262/6263/83447/291/292/293/6546/6543/6547/56848/6786/57620/6869/6865/6870/6915/7134/7125/53373/219931/7201/7416/7417/7419",182
"hsa01521","EGFR tyrosine kinase inhibitor resistance","79/7005","79/7860",0.000106643786732972,0.00130023386132123,0.000656269456818289,"207/208/10000/369/558/572/581/596/598/10018/673/1950/1956/1977/253314/9470/1978/2064/2065/2247/2263/2261/2309/2549/2621/2885/2932/3082/3265/3479/3480/3569/3570/3716/3717/3791/3845/5604/5605/5594/5595/4233/2475/4763/4893/3084/9542/5154/5155/56034/80310/5156/5159/5290/5291/5293/5295/5296/8503/5335/5336/5578/5579/5582/5728/5894/6194/6198/6199/6464/25759/53358/399694/6654/6655/6714/6774/7039/7422",79
"hsa04120","Ubiquitin mediated proteolysis","134/7005","137/7860",0.000117504915401608,0.00134899171009381,0.000680879096577316,"326/64682/10393/51529/25847/29882/29945/51433/51434/329/330/57448/79444/672/8945/867/868/23624/8881/991/8697/246184/996/997/64326/8454/8453/8452/8451/8450/8065/9820/1642/1643/55070/6923/6921/1161/55120/26232/26272/23291/55294/26259/51343/8925/8924/8916/26091/10075/83737/9817/90293/55958/4214/4193/23295/4281/4734/23327/378884/8554/9063/10401/51588/5371/23759/5071/27339/9978/25898/9886/23221/9616/10055/6477/6500/6502/57154/64750/8651/9021/10273/84447/7189/22954/4591/9320/7317/10054/9039/55236/7318/7319/7320/11065/7321/7322/7323/51619/7324/7325/10477/140739/7326/7327/7328/7329/51465/118424/3093/7332/9246/9040/7334/63893/55585/92912/134111/54926/27338/55284/65264/7337/89910/9690/9354/10277/22888/51366/7428/11059/11060/331",134
"hsa04921","Oxytocin signaling pathway","149/7005","153/7860",0.000122578894190895,0.00134899171009381,0.000680879096577316,"60/71/107/108/109/196883/111/112/113/114/115/775/776/778/779/781/9254/55799/93589/782/783/784/785/10369/10368/27092/27091/59285/59284/59283/801/805/808/810/91860/163688/8536/57118/57172/815/816/817/818/814/10645/595/952/1026/1938/29904/1956/2002/2353/2770/2771/2773/2775/2776/2778/2982/2977/2983/3265/3708/3709/3710/8681/3725/3768/3770/3759/3760/3761/3762/3763/3765/3845/5604/5605/5607/5594/5595/5598/4208/4637/140465/10398/4638/85366/91807/340156/4772/4773/4775/4776/4846/4878/4881/4882/4893/5020/5021/5294/23533/146850/5321/100137049/8605/283748/123745/255189/23236/5330/5331/5332/5499/5500/5501/4659/4660/54776/5530/5532/5533/5534/5562/5563/5564/5565/5566/5567/5571/51422/53632/5578/5579/5582/5743/5894/1827/5997/387/6093/9475/6261/6262/6263/6714/7226",149
"hsa04061","Viral protein interaction with cytokine and cytokine receptor","99/7005","100/7860",0.000123409336254639,0.00134899171009381,0.000680879096577316,"57007/51554/6346/6356/6357/6358/6359/6360/6361/6362/6363/6347/6364/6366/6367/6368/6369/6370/10344/56477/6348/6349/414062/6351/9560/388372/6352/6354/6355/1230/2826/729230/1232/1233/1234/1235/1236/1237/10803/1435/1436/6376/1524/2919/3627/6373/6387/10563/9547/2920/2921/6374/6372/3576/4283/3577/3579/2833/7852/643/3586/3587/3588/3606/8809/8807/29949/3558/50604/53832/53833/58985/11009/3559/3560/3561/146433/27178/3569/3570/3572/4049/4055/5196/5197/5473/7124/8797/8795/8794/8793/8764/7132/7133/8743/8740/6375/6846/2829",99
"hsa05231","Choline metabolism in cancer","98/7005","99/7860",0.000137386452246839,0.00145171684540827,0.000732727745316476,"207/208/10000/1119/1120/56994/1606/1607/8527/8526/1608/160851/9162/139189/1609/8525/1950/1956/1978/2353/56261/2885/3091/3265/8681/3725/3845/10434/5604/5605/5594/5602/5595/5599/5601/2475/4893/5130/9468/5154/5155/56034/80310/5156/5159/5170/5290/5291/5293/5295/5296/8503/8394/8395/23396/5321/100137049/8605/283748/123745/255189/5335/5337/5338/8611/8612/8613/5578/5579/5582/5879/5880/5894/5900/6009/6198/6199/6580/6582/6581/6583/6584/23446/57153/126969/80736/204962/60482/6654/6655/6667/7248/7249/7454/8936/10163/10810/8976",98
"hsa05165","Human papillomavirus infection","313/7005","330/7860",0.00015130397893904,0.00154720520398954,0.000780923762266015,"207/208/10000/324/10297/472/537/535/23545/50617/533/527/9114/245972/8992/155066/523/525/526/528/245973/51382/529/90423/9296/9550/534/127124/51606/545/8312/8313/572/578/581/10134/836/841/8900/890/595/894/896/898/9134/998/1017/1019/1021/1026/1027/1101/1108/1147/1277/1278/1280/1282/1284/1285/1286/1287/1288/1291/1292/1293/256076/131873/1297/1298/1299/1311/92359/1385/10488/90993/64764/84699/148327/9586/1387/1452/122011/1499/1739/1740/1741/1855/1856/1857/1869/1950/1956/5610/1978/2033/8772/355/356/2335/2308/8321/11211/2535/7976/8322/7855/8323/8324/8325/8326/2778/2885/2932/3065/3066/3280/54626/57801/388585/55502/84667/23462/23493/26508/3105/3106/3107/3133/3134/3135/3265/3381/3442/3454/3455/3551/9641/8517/3659/3661/10379/9636/3672/8515/22801/3673/3674/3675/3676/3678/3655/3679/8516/3680/3685/3688/3690/3691/3693/3694/3695/3696/182/3716/3845/284217/3908/3909/3910/3911/3912/3913/3914/22798/3915/3918/10319/3955/3996/3993/9223/9794/84441/55534/5604/5605/5594/5595/4193/4242/64398/2475/4599/4790/4799/4851/4853/4854/4855/4893/8638/56288/50855/84612/84552/10207/5159/5290/5291/5293/5295/5296/8503/5315/5515/5516/5518/5519/5520/5521/5522/55844/5523/28227/55012/5525/5526/5527/5528/5529/5566/5567/5584/5590/5663/5700/5728/5734/5743/5747/5829/5894/5925/5933/5934/3516/11317/5970/5649/5986/6009/6198/6199/23513/9368/6654/6655/6696/6772/6773/10474/29110/6908/9519/387332/6932/83439/6934/10312/7015/7057/7058/7059/7060/7098/3371/7124/7132/63923/7143/7148/7157/8717/7187/7248/7249/7283/27175/7297/7337/23352/7422/7448/7450/7471/80326/7480/7481/51384/7472/7482/7473/89780/54361/7474/81029/7475/7476/7477/7479/7483/7484",313
"hsa03040","Spliceosome","131/7005","134/7860",0.000156723546260615,0.00155254263014421,0.000783617731303074,"22985/10189/9716/10286/8896/151903/51362/988/10523/51340/56259/51503/9416/7919/11325/9879/1655/1665/8449/9785/1659/9343/9775/3178/144983/220988/3183/3190/4670/3192/3303/3304/3305/3306/3310/3312/57461/100534599/57819/27258/23658/11157/51690/51691/4116/55110/4686/22916/5093/84844/5356/10450/10465/51645/10084/8559/27339/9129/26121/84950/55119/9128/55660/25766/24148/10594/22827/84991/55696/58517/9939/27316/494115/27288/6100/9092/10291/8175/10946/23451/10992/23450/10262/83443/51639/10569/10285/23020/11017/9410/6625/6626/6627/6628/6629/6631/6632/6633/6634/6635/6636/6637/4809/22938/6426/10772/6427/6428/6429/6430/6431/6432/10929/8683/25949/10915/9984/57187/84321/29896/6434/10907/7307/199746/102724594/11338/23350/10713/51729/56949/153527",131
"hsa04919","Thyroid hormone signaling pathway","114/7005","116/7860",0.000167745055096376,0.00161136916562276,0.000813309358043035,"60/71/207/208/10000/476/477/478/480/481/482/483/23439/488/572/652/842/595/1387/1499/1733/1734/1735/2033/2099/2308/486/2626/2932/3065/3066/8841/3091/3265/3685/3690/2648/8850/3845/5604/5605/5594/5595/4193/5469/9968/116931/9969/23389/9282/10025/9440/9862/9442/90390/29079/2475/4609/4624/8648/10499/8202/9611/4851/4853/4854/4855/4893/5170/5208/5214/5290/5291/5293/5295/5296/8503/23236/5330/5331/5332/5333/113026/84812/51196/5335/5336/5350/5566/5567/5578/5579/5582/5894/1827/10231/6009/6256/6257/6258/25942/117247/6567/6513/6548/53919/6714/6772/9882/7067/7068/7157/7249/54361",114
"hsa04072","Phospholipase D signaling pathway","144/7005","148/7860",0.000193946445840437,0.00180826539210054,0.000912689156896173,"107/108/109/196883/111/112/113/114/115/10554/10555/56894/56895/55326/183/185/207/208/10000/375/382/551/552/553/554/3576/3577/3579/9267/9266/9265/27128/1606/1607/8527/8526/1608/160851/9162/139189/1609/8525/1759/1785/26052/1950/1956/2149/2205/2207/2534/2549/9846/2768/10672/2778/2885/2911/2912/2913/2914/2915/2916/2917/2918/3265/3643/8681/3815/4254/3845/1902/9170/23566/2846/57121/10161/5604/5605/5594/5595/22808/2206/2475/4893/5154/5155/56034/80310/5156/5159/5290/5291/5293/5294/5295/5296/8503/23533/146850/8394/8395/23396/5321/100137049/8605/283748/123745/255189/23236/5330/5331/5332/5335/5336/5337/5338/8611/8612/8613/5578/5737/2185/5781/5894/5898/5899/5900/10411/11069/6009/387/6237/22800/6464/25759/53358/399694/6654/6655/56848/6850/7248/7249",144
"hsa04724","Glutamatergic synapse","112/7005","114/7860",0.00020507270926677,0.00185737282393046,0.000937475242362376,"107/108/109/196883/111/112/113/114/115/773/775/776/1742/9229/2744/27165/2752/2770/2771/2773/2775/2776/2778/2782/2783/2784/59345/10681/2790/2791/55970/51764/54331/2785/2786/2787/2788/94235/2792/2793/2890/2891/2892/2893/2897/2898/2899/2900/2901/2902/2903/2904/2905/2906/116443/116444/156/157/2911/2912/2913/2914/2915/2916/2917/2918/9456/9455/9454/3708/3709/3710/8681/3760/5594/5595/5321/100137049/8605/283748/123745/255189/23236/5330/5331/5332/5337/5338/5530/5532/5533/5534/5566/5567/5578/5579/5582/50944/22941/85358/57084/57030/246213/6505/6506/6507/6511/6512/81539/54407/10991/7220",112
"hsa05224","Breast cancer","143/7005","147/7860",0.000212474453811812,0.00187095560717624,0.000944330905830277,"207/208/10000/324/10297/369/8312/8313/578/581/673/672/675/595/1019/1021/1026/1452/122011/1499/1643/28514/54567/1855/1856/1857/1869/1870/1871/1950/1956/2064/2099/2100/2246/2255/8823/8822/8817/9965/2247/26281/26291/27006/8074/2249/2250/2252/2253/2254/2260/2324/2353/10023/23401/8321/11211/2535/7976/8322/7855/8323/8324/8325/8326/1647/4616/10912/2885/2932/3280/388585/23462/23493/26508/3265/3479/3480/182/3714/3725/3815/3845/51176/4041/4040/5604/5605/5594/5595/2475/4609/8648/8202/4791/4851/4853/4854/4855/4893/5241/5290/5291/5293/5295/5296/8503/51426/5728/5894/5925/6198/6199/6464/25759/53358/399694/6654/6655/6667/6932/83439/6934/8600/7157/7471/80326/7480/7481/51384/7472/7482/7473/89780/54361/7474/81029/7475/7476/7477/7479/7483/7484",143
"hsa04115","p53 signaling pathway","72/7005","72/7860",0.000240776035911912,0.00206286495632638,0.00104119366880827,"575/84883/317/472/545/581/27113/596/598/637/836/841/842/891/9133/595/894/896/898/9134/900/901/3732/983/1017/1019/1021/1026/1029/1111/11200/64326/54205/1643/9538/355/1647/4616/10912/92344/51512/3479/3486/4193/4194/64065/55367/5366/8493/5728/25898/56475/6241/50484/5268/5054/27244/83667/143686/2810/51246/6477/10572/55240/7057/8795/7157/63970/9540/7161/7249/64393",72
"hsa04261","Adrenergic signaling in cardiomyocytes","141/7005","145/7860",0.000254871463720069,0.0020945322192987,0.00105717714538735,"70/107/108/109/196883/111/112/113/114/115/148/147/146/153/154/183/185/186/207/208/10000/1386/468/1388/476/477/478/480/481/482/483/23439/488/490/491/492/493/596/775/776/778/779/781/9254/55799/93589/782/783/784/785/10369/10368/27092/27091/59285/59284/59283/801/805/808/810/91860/163688/815/816/817/818/1385/10488/90993/64764/84699/148327/9586/1390/486/2770/2771/2773/2776/2778/3753/3784/5594/5600/6300/5603/1432/5595/4624/4625/4633/4634/4635/5294/23533/146850/23236/5330/5331/5332/5350/5499/5500/5501/5502/5515/5516/5518/5519/5520/5521/5522/55844/5523/28227/55012/5525/5526/5527/5528/5529/5566/5567/5578/10411/11069/9252/6262/6324/6330/6331/6332/6546/6548/7134/7139/7168/7169/7170/7171",141
"hsa05222","Small cell lung cancer","92/7005","93/7860",0.000260948431280157,0.0020945322192987,0.00105717714538735,"207/208/10000/317/578/581/596/598/329/330/79444/836/842/595/898/9134/1017/1019/1021/1026/1027/1030/1147/1163/1164/1282/1284/1285/1286/1287/1288/54205/1643/1869/1870/1871/2272/2335/1647/4616/10912/3551/8517/3673/3674/3675/3655/3685/3688/284217/3908/3909/3910/3911/3912/3913/3914/22798/3915/3918/10319/4149/4609/4790/4792/4843/5290/5291/5293/5295/5296/8503/51426/5728/5743/5747/5915/5925/5970/6256/6257/6258/6502/7157/7185/7186/7187/9618/7188/7189/331/7709",92
"hsa04218","Cellular senescence","155/7005","160/7860",0.000264294286346839,0.0020945322192987,0.00105717714538735,"207/208/10000/472/545/8945/776/801/805/808/810/91860/163688/823/824/8900/890/891/9133/85417/595/894/896/898/9134/993/983/1017/1019/1021/1026/1029/1030/1111/11200/3576/1869/1870/1871/1874/1875/1978/2113/23291/2305/2308/2309/1647/4616/10912/2626/204851/28996/10114/147746/3105/3106/3107/3133/3134/3135/3265/3364/3486/3552/3569/3708/3709/3710/3802/3804/3805/3845/55957/91750/132660/286826/5604/5605/5606/5608/5594/5600/6300/5603/1432/5595/9261/90550/4193/22808/4361/2475/4605/4609/4683/4772/4773/4775/4776/4790/4893/5290/5291/5293/5295/5296/8503/5481/5499/5500/5501/5530/5532/5533/5534/5728/5810/10111/5883/144715/5894/83593/5925/5928/5933/5934/5970/6009/6237/22800/5054/23411/83447/291/292/293/4087/4088/8878/7042/7043/7046/7048/7157/10758/54822/59341/7248/7249/7416/7417/7419/677/678",155
"hsa04140","Autophagy - animal","125/7005","128/7860",0.000277559379099628,0.00214600788230688,0.00108315855258391,"207/84335/208/10000/55626/83734/60673/9140/9776/22863/55054/89849/23130/55102/64422/115201/23192/84938/84971/9474/10533/79065/285973/572/596/598/8678/664/10645/8837/1508/1509/1514/1612/23604/1613/54541/64798/9451/440275/1965/2081/11337/23710/11345/3091/3146/3265/3476/3480/3667/8660/8471/3708/3845/3916/3920/5604/5605/6885/5594/5602/5595/5599/5601/64223/22808/64419/8897/9110/2475/4893/29982/5170/5289/5290/5291/5293/5295/5296/8503/30849/5515/5516/118471/5562/5563/5566/5567/5580/5588/5728/83452/7879/338382/5894/9821/6009/6198/6199/57521/10670/10325/64121/58528/6237/22800/9711/51100/9342/6794/55014/55578/58476/7189/7248/7249/8408/9706/7405/8673/81671/55062/26100/53349",125
"hsa04310","Wnt signaling pathway","154/7005","159/7860",0.000288364314133192,0.00217646399000528,0.0010985307205074,"324/10297/8312/8313/25805/8945/27101/815/816/817/818/25776/595/894/896/9350/57680/1387/1452/122011/1454/1457/1459/283106/1460/1487/1488/1499/56998/8454/80319/23002/23500/22943/27123/27121/1855/1856/1857/2033/23291/8061/10023/23401/8321/11211/2535/7976/8322/7855/8323/8324/8325/8326/2239/2932/27130/3725/51176/55366/8549/59352/4041/4040/6885/5602/5599/5601/4316/4609/4772/4773/4775/4776/85407/85409/51701/147111/23236/5330/5331/5332/64840/5467/5530/5532/5533/5534/144165/166336/4007/29964/5566/5567/5578/5579/5582/5663/5879/5880/9978/387/54894/9475/4919/4920/284654/340419/84870/343637/8607/6259/59343/5176/6422/6423/6424/6425/6477/6500/4088/4089/50964/64321/6907/79718/90665/6932/83439/6934/7157/102800317/81839/57216/11197/7471/80326/7480/7481/51384/7472/7482/7473/89780/54361/7474/81029/7475/7476/7477/7479/7483/7484/84133",154
"hsa05120","Epithelial cell signaling in Helicobacter pylori infection","68/7005","68/7860",0.00038332177284643,0.00282588376726322,0.00142631357338207,"102/6868/537/535/23545/50617/533/527/9114/245972/8992/155066/523/525/526/528/245973/51382/529/90423/9296/9550/534/127124/51606/836/6352/998/1147/1445/2919/3576/3577/3579/1956/50848/28964/1839/150084/3551/8517/58494/83700/3725/4067/6416/9020/5602/5600/6300/5603/1432/5599/5601/4233/4790/4792/10392/5058/5335/5336/5781/5803/5879/5970/6714/10312/7082",68
"hsa05223","Non-small cell lung cancer","66/7005","66/7860",0.000483612349858068,0.00348420715693199,0.00175859036312025,"207/208/10000/238/369/572/578/581/673/842/595/1019/1021/1026/1029/1643/1869/1870/1871/1950/1956/27436/2064/2272/2309/1647/4616/10912/2885/3265/3718/3845/5604/5605/5594/5595/4893/5170/5290/5291/5293/5295/5296/8503/5335/5336/51426/5578/5579/5582/5894/5915/11186/83593/5925/6256/6257/6258/6654/6655/6774/6776/6777/6789/7039/7157",66
"hsa05131","Shigellosis","65/7005","65/7860",0.000543192833882368,0.00382348353081257,0.00192983395876975,"25/60/71/10552/10095/10109/10094/10093/10092/81873/9474/8945/960/998/1147/1398/1399/2017/3576/1729/1793/9844/63916/79767/23291/3059/3551/8517/3678/3688/10459/5594/5602/5600/6300/5603/1432/5595/5599/5601/4790/4792/4793/10392/64127/5216/5217/345456/375189/5879/5970/391/8767/6093/9475/6714/7307/199746/102724594/7322/7414/7454/8936/10163/8976",65
"hsa04625","C-type lectin receptor signaling pathway","102/7005","104/7860",0.000554827263146303,0.00382348353081257,0.00192983395876975,"207/208/10000/23365/8915/602/801/805/808/810/91860/163688/64170/834/841/868/6361/6367/30835/1147/51266/338339/26253/10332/93978/64581/1540/1959/1960/2207/3265/3551/9641/8517/3586/3592/3593/53342/3553/3558/51561/3569/3659/10379/3708/3709/3710/3725/3845/8844/4046/10892/9020/5594/5602/5600/6300/5603/1432/5595/5599/5601/9261/4193/22808/4772/4773/4775/4776/4790/4791/4792/114548/4893/5058/5290/5291/5293/5295/5296/8503/5336/1263/5530/5532/5533/5534/5580/5743/5781/29108/5894/5970/5971/387/6237/22800/6714/6772/6773/6850/7124",102
"hsa04210","Apoptosis","132/7005","136/7860",0.000572554752417884,0.0038616990748185,0.00194912256142258,"60/71/9131/207/208/10000/317/468/472/572/578/581/27113/596/597/598/10018/637/329/330/332/823/824/843/835/836/839/840/841/842/8837/1147/1439/1508/1075/1509/8722/1512/1513/1514/1519/1520/1515/1521/1522/54205/153090/1616/1649/1676/1677/56616/9451/1965/2021/2081/8772/355/356/2353/1647/4616/10912/3002/3265/8739/27429/3551/8517/3563/3708/3709/3710/3725/3845/4000/4001/84823/5604/5605/9020/4217/5594/5602/5595/5599/5601/4170/4790/4792/4803/4893/4914/142/10038/10039/143/5170/55367/5290/5291/5293/5295/5296/8503/5366/5551/5783/5894/5970/8737/5414/6708/6709/7124/8797/8795/7132/8743/7157/63970/8717/7185/7186/7846/10376/84790/112714/7277/51807/79861/331",132
"hsa04152","AMPK signaling pathway","117/7005","120/7860",0.000588843431971072,0.00386657319776342,0.00195158268656829,"31/32/9370/51094/79602/148/207/84335/208/10000/51719/81617/10645/8900/890/595/948/1080/1374/1375/126129/1385/10488/90993/64764/84699/148327/9586/200186/1938/29904/1978/1994/2194/2203/2308/2309/2538/92579/2997/2998/3156/3172/3479/3480/3643/3667/8660/8471/3952/3953/3991/6885/23417/2475/5105/5106/5170/5207/5208/5209/5210/5211/5213/5214/5290/5291/5293/5295/5296/8503/5468/10891/5515/5516/5518/5519/5520/5521/5522/55844/5523/28227/55012/5525/5526/5527/5528/5529/5562/5563/5564/5565/5571/51422/53632/10890/9230/51552/5862/4218/6009/6198/6199/57521/6319/79966/23411/6517/6720/6794/92335/55437/23216/7248/7249/8408",117
"hsa05016","Huntington disease","185/7005","193/7860",0.000601654889023727,0.00386657319776342,0.00195158268656829,"160/161/163/1173/1175/317/498/506/509/513/514/516/517/518/515/10476/522/539/581/27113/627/836/841/842/1211/1212/1213/8218/1327/84701/9377/1329/1337/1339/1340/125965/1345/1346/1347/9167/1349/1350/1351/341947/1385/10488/90993/64764/84699/148327/9586/1387/1537/54205/1639/10540/51164/1742/25981/196385/8701/201625/127602/8632/146754/55567/1767/1768/56171/1769/1770/27019/83544/10126/7802/2033/2776/2876/2902/2904/2915/9001/3065/3066/3092/3064/55081/3708/4694/4705/126328/55967/51079/4695/4696/4697/56901/4698/4700/4701/4702/4704/4706/4707/4716/54539/4708/4709/4710/4711/4712/4713/4714/4715/4717/4718/100532726/4719/4720/4722/4724/4725/4726/374291/4728/4723/4729/4731/4899/23236/5330/5331/5332/5430/5431/5432/5433/5434/5435/5436/5437/5438/5439/246721/548644/5440/5441/5468/10891/10105/23186/5978/6389/6390/6391/6392/25942/83447/291/292/293/6647/6648/6667/6874/6875/6908/9519/387332/7019/7052/7157/7350/29796/10975/7381/7384/7385/7386/7388/440567/27089/7416/7417/7419",185
"hsa04012","ErbB signaling pathway","84/7005","85/7860",0.00060986958955259,0.00386657319776342,0.00195158268656829,"25/27/207/208/10000/369/374/572/673/685/815/816/817/818/867/868/1026/1027/1398/1399/1950/1956/1978/2002/2064/2065/2066/2069/2549/2885/2932/1839/3265/3725/3845/5604/5605/6416/5609/5594/5602/5595/5599/5601/2475/4609/4690/8440/4893/3084/9542/10718/5058/5062/5063/10298/57144/56924/106821730/5290/5291/5293/5295/5296/8503/5335/5336/5578/5579/5582/5747/5894/6198/6199/6464/25759/53358/399694/6654/6655/6714/6776/6777/7039",84
"hsa04071","Sphingolipid signaling pathway","116/7005","119/7860",0.000646337679861288,0.00401743224541232,0.00202772605446679,"4363/125981/340485/134/140/207/208/10000/427/56624/581/596/624/637/10715/29956/204219/79603/91012/253782/1509/8560/123099/2205/2207/2534/9846/2768/10672/2770/2771/2773/2776/3265/3845/5604/5605/4217/5594/5602/5600/6300/5603/1432/5595/5599/5601/2206/4790/4846/4893/8439/4985/5170/5290/5291/5293/5295/5296/8503/23236/5330/5331/5332/5337/5338/5515/5516/5518/5519/5520/5521/5522/55844/5523/28227/55012/5525/5526/5527/5528/5529/5578/5579/5581/5582/5590/5728/5879/5880/5894/5970/387/6093/9475/1901/9294/1903/8698/53637/259230/166929/8879/81537/130367/6609/6610/56848/10558/9517/55304/7124/7132/7157/8717/7186",116
"hsa04660","T cell receptor signaling pathway","99/7005","101/7860",0.000745445033149787,0.00454434760593235,0.00229367702507627,"207/208/10000/8915/84433/868/919/940/915/916/917/920/959/925/926/998/1019/1147/1437/1493/1739/2353/2534/9402/2885/2932/3265/29851/3458/3551/8517/3586/3558/3565/3702/3725/3845/27040/3932/3937/10892/5604/5605/5609/9020/6885/1326/5594/5600/6300/5603/1432/5595/5601/4690/8440/4772/4773/4775/4790/4792/4793/4794/4893/5058/5062/5063/10298/57144/56924/106821730/5133/5170/5290/5291/5293/5295/5296/8503/5335/5530/5532/5533/5534/5588/5777/5788/5894/10125/5970/387/6654/6655/7006/7124/7409/7410/10451/7535",99
"hsa04270","Vascular smooth muscle contraction","128/7005","132/7860",0.00081614497033852,0.00465460800123383,0.00234932895961329,"59/72/107/108/109/196883/111/112/113/114/115/133/135/136/148/147/146/183/185/369/9138/9826/23365/551/552/553/673/775/776/778/779/796/797/10203/800/801/805/808/810/91860/163688/1579/284541/1906/1907/1908/1909/2767/2768/10672/2776/2778/2982/2977/2983/3708/3709/3710/8681/3778/3779/10242/27094/27345/157855/5604/5605/5594/5595/10335/4629/4637/140465/10398/4638/85366/91807/340156/4878/4879/4880/4881/4882/8399/81579/84647/5319/5320/391013/26279/50487/5321/100137049/8605/283748/123745/255189/5322/8398/23236/5330/5331/5332/5499/5500/5501/4659/4660/54776/94274/5566/5567/5578/5579/5580/5581/5582/5583/5588/5592/5739/5894/10267/10266/10268/387/6093/9475",128
"hsa04064","NF-kappa B signaling pathway","98/7005","100/7860",0.000822265135864651,0.00465460800123383,0.00234932895961329,"472/8915/596/597/598/329/330/29760/695/29775/84433/79092/6357/6363/6366/6351/9560/388372/929/958/959/8837/1147/1457/1459/283106/1460/6387/2920/3576/1540/23586/1896/60401/10913/128178/23085/4616/3383/3551/8517/3553/3554/3654/51135/27040/3929/3932/4049/4050/4055/23643/4067/10892/9020/6885/4615/4790/4791/4792/142/51588/55367/5328/5335/5336/5579/5588/5743/5970/5971/8737/6850/10454/23118/257397/353376/114609/7099/7124/7128/8792/115650/7132/8600/10673/8740/8717/7185/7186/7187/7188/7189/7706/7329/7412/331/7535",98
"hsa04066","HIF-1 signaling pathway","98/7005","100/7860",0.000822265135864651,0.00465460800123383,0.00234932895961329,"207/208/10000/226/284/285/51378/405/596/815/816/817/818/1026/1027/1387/8453/1536/1906/1950/1956/54583/112398/112399/1977/253314/9470/1978/6923/6921/2023/2026/2027/387712/2033/2056/2064/2321/2597/3091/3098/3099/3101/80201/3162/3458/3459/3460/3479/3480/3569/3570/3643/3939/4055/5604/5605/5594/5595/8569/2872/2475/4790/4843/4846/4878/5160/5162/5163/5209/5211/5230/5290/5291/5293/5295/5296/8503/5335/5336/5578/5579/5582/9978/5970/6194/6198/6199/5054/6513/6774/7010/7018/7037/7076/7099/7422/7428",98
"hsa04933","AGE-RAGE signaling pathway in diabetic complications","98/7005","100/7860",0.000822265135864651,0.00465460800123383,0.00234932895961329,"177/183/185/207/208/10000/581/596/836/6347/595/998/1019/1027/1277/1278/1281/1282/1284/1285/1286/1287/1288/3576/1536/1729/1906/1958/2152/2335/2308/3265/3383/3552/3553/3569/3717/3725/3845/5594/5602/5600/6300/5603/1432/5595/5599/5601/4313/4772/4790/4846/50507/4893/5290/5291/5293/5295/5296/8503/5292/23236/5330/5331/5332/5333/113026/84812/51196/5335/5336/5578/5579/5580/5581/5590/5879/5970/6401/5054/4087/4088/4089/6772/6774/6776/6777/7042/7043/7046/7048/7056/7124/7412/7422/7423/7424/2277",98
"hsa04070","Phosphatidylinositol signaling system","97/7005","99/7860",0.000906833971580632,0.00504326963142211,0.00254549886759476,"801/805/808/810/91860/163688/10423/1040/8760/1606/1607/8527/8526/1608/160851/9162/139189/1609/8525/3612/3613/54928/3628/3631/8821/3632/3633/3635/56623/22876/27124/51763/3636/9807/51447/117283/253430/64768/3705/3706/3707/80271/3708/3709/3710/4534/8776/64419/8898/8897/9110/9107/9108/55613/4952/55361/55300/5297/5298/5286/5287/5288/5289/5290/5291/5293/5295/5296/8503/200576/5305/8396/79837/90809/55529/8394/8395/23396/23236/5330/5331/5332/5333/113026/84812/51196/5335/5336/9677/23262/5578/5579/5582/5728/22908/8867/8871",97
"hsa04730","Long-term depression","60/7005","60/7860",0.000970810286009223,0.00522868624418283,0.00263908453965064,"369/673/773/1392/1394/2767/2768/10672/2770/2771/2773/2775/2776/2778/2781/2890/2891/2892/2895/2911/2982/2977/2983/3265/3479/3480/3708/3709/3710/8681/3845/4067/5604/5605/5594/5595/4842/4893/5321/100137049/8605/283748/123745/255189/23236/5330/5331/5332/10842/5515/5516/5518/5519/5578/5579/5582/5592/5593/5894/6261",60
"hsa04926","Relaxin signaling pathway","126/7005","130/7860",0.000973162423996174,0.00522868624418283,0.00263908453965064,"59/107/108/109/196883/111/112/113/114/115/207/208/10000/408/409/1386/468/1388/1277/1278/1281/1282/1284/1285/1286/1287/1288/1385/10488/90993/64764/84699/148327/9586/1906/1910/1956/2353/2769/2770/2771/2773/2775/2778/2782/2783/2784/59345/10681/2790/2791/55970/51764/54331/2785/2786/2787/2788/94235/2792/2793/2885/3265/3640/10022/3725/3845/5604/5605/6416/5609/5594/5602/5600/6300/5603/1432/5595/5599/5601/4312/4322/4313/4318/4790/4792/4842/4843/4846/4893/5290/5291/5293/5295/5296/8503/23236/5330/5331/5332/5566/5567/5578/5590/5894/5970/6013/6019/59350/122042/51289/6464/25759/53358/399694/4087/4088/6654/6655/6714/7046/7048/7422/7423/7424/2277",126
"hsa05202","Transcriptional misregulation in cancer","178/7005","186/7860",0.00102814964040612,0.00543205726681234,0.00274173237441632,"4299/9915/79058/466/472/8938/578/581/64919/597/598/604/330/648/55589/8900/894/904/905/929/958/942/5218/1025/1026/1027/1031/1050/1051/1053/100532731/1436/1437/3576/1643/1649/1655/84444/1848/1991/2005/2078/2115/2118/2119/2120/51513/2130/2138/2209/54738/2313/2321/2322/2308/2521/2530/1647/4616/10912/2892/3002/3020/3021/440093/3065/3066/3087/8350/8358/8352/8353/8968/8355/8357/8354/8356/126961/653604/8091/3206/3207/3205/3248/3398/3479/3480/3486/7850/3560/3569/3684/3695/221037/3728/7403/51274/4297/8861/4005/4066/4094/4149/4193/4208/4211/4221/4233/4286/4291/4298/4300/4314/4318/4353/4609/4613/9611/4790/64332/4804/8013/7468/4914/26471/5077/5079/5081/7849/5087/5090/5154/8864/5327/5328/5371/51426/5468/5546/8842/171558/5747/5914/5966/5970/861/862/860/6256/6257/6258/25942/6495/51804/85414/4086/6667/6688/6692/6760/6756/8464/8148/6929/7030/7048/3195/30012/7113/7157/7185/7102/7404/51384/7490/7704/7709/6935",178
"hsa00564","Glycerophospholipid metabolism","95/7005","97/7860",0.00110233373669656,0.00563612571827111,0.00284473222373305,"43/56985/10554/10555/56894/56895/55326/10423/1040/8760/10390/1103/1119/1120/56994/54675/1606/1607/8527/8526/1608/160851/9162/139189/1609/8525/55500/55224/64850/8443/57678/150763/84803/137964/56261/2819/23171/2820/8681/3931/253558/79888/54947/10162/254531/9926/23175/9663/64900/10434/11313/154141/129642/79143/5130/9468/5833/10400/9489/162466/23761/8399/81579/84647/23659/11145/5319/5320/391013/26279/50487/5321/100137049/8605/283748/123745/255189/5322/8398/151056/5337/5338/23646/122618/8611/8612/8613/196051/84513/10908/375775/9791/81490/85465/6901",95
"hsa05215","Prostate cancer","95/7005","97/7860",0.00110233373669656,0.00563612571827111,0.00284473222373305,"207/208/10000/367/369/468/572/596/673/842/595/898/9134/1017/1026/1027/1147/1385/10488/90993/64764/84699/148327/9586/1387/1499/1869/1870/1871/1950/1956/2033/2064/2078/2119/2260/2263/2308/2885/2932/2950/3265/3320/3326/7184/3479/3480/3551/8517/7850/3645/3845/51176/5604/5605/5594/5595/4193/4314/4318/2475/4790/4792/4824/4893/5154/5155/56034/80310/5156/5159/5170/5290/5291/5293/5295/5296/8503/5327/5328/5728/5894/5925/5970/6654/6655/6692/6716/6932/83439/6934/7039/7113/7157/6935",95
"hsa03018","RNA degradation","78/7005","79/7860",0.0011465246261842,0.00576902073810143,0.00291180857443605,"694/7832/10950/54766/10438/23019/25904/4848/4849/4850/57472/246175/29883/9337/9125/55802/196513/167227/28960/1656/170506/22894/115752/80153/23644/2023/2026/2027/387712/51013/5394/23404/51010/54512/56915/118460/23016/11340/5393/3313/3329/27257/57819/27258/23658/11157/51690/51691/10200/23517/131870/26986/80336/340529/645974/5042/8761/132430/140886/9924/255967/5073/219988/5211/5213/5214/154197/87178/6499/11044/64282/10140/10766/9652/80349/54464/22803/84186",78
"hsa05213","Endometrial cancer","58/7005","58/7860",0.00122449922667566,0.0060650977321279,0.00306124806668916,"207/208/10000/324/10297/369/8312/8313/572/578/581/673/842/595/999/1026/1495/1496/29119/1499/1643/1950/1956/2002/2064/2309/1647/4616/10912/2885/2932/3265/3611/3845/51176/5604/5605/5594/5595/4292/4609/4893/5170/5290/5291/5293/5295/5296/8503/51426/5728/5894/6654/6655/6932/83439/6934/7157",58
"hsa04721","Synaptic vesicle cycle","77/7005","78/7860",0.00127308597049517,0.00620874234841489,0.00313375008121887,"160/161/163/1173/1175/535/23545/50617/533/527/9114/245972/8992/155066/523/525/526/528/245973/51382/529/90423/9296/9550/534/127124/51606/773/774/1211/1212/1213/8218/10815/10814/339302/1759/1785/26052/8775/4905/5864/22999/57084/57030/246213/6570/6571/6572/6505/6506/6507/6511/6512/140679/6529/6538/6539/6540/6530/6531/6532/9152/6534/6536/6616/6804/112755/2054/6809/6812/6857/10312/23025/10497/440279/6844",77
"hsa01212","Fatty acid metabolism","57/7005","57/7860",0.00137518242166814,0.00660504284346666,0.00333377556768034,"30/10449/31/33/34/35/36/37/38/39/51/8310/23205/81616/197322/2180/2181/2182/51703/23305/84869/1374/1375/126129/1376/1892/1962/64834/54898/83401/6785/60481/79071/79993/3992/9415/2194/9200/201562/51495/401494/3033/3030/3032/51144/3295/7923/109703458/27349/51102/54995/5538/9374/6319/79966/6342/9524",57
"hsa05220","Chronic myeloid leukemia","75/7005","76/7860",0.00156894987187215,0.0073581111312282,0.00371387312617196,"25/207/208/10000/369/572/578/581/598/613/673/867/595/1019/1021/1026/1027/1029/1147/1398/1399/1487/1488/1643/1869/1870/1871/9846/1647/4616/10912/2885/3065/3066/3265/3551/8517/3845/5604/5605/5594/5595/4193/2122/4609/4790/4792/4893/5290/5291/5293/5295/5296/8503/51426/5781/5894/5925/5970/861/6464/25759/53358/399694/4088/4089/6654/6655/6776/6777/7042/7043/7046/7048/7157",75
"hsa04550","Signaling pathways regulating pluripotency of stem cells","134/7005","139/7860",0.00157839607862308,0.0073581111312282,0.00371387312617196,"90/91/130399/92/93/207/208/10000/324/10297/8312/8313/648/652/657/658/659/100532731/1499/1749/1852/1855/1856/1857/2103/80712/2247/2260/2263/2261/2264/8321/11211/2535/7976/8322/7855/8323/8324/8325/8326/2885/2932/9421/8820/3265/3397/3398/3399/3400/3479/3480/3572/3624/3625/3626/83729/3670/3716/3717/3718/3720/7994/9314/3845/7044/64211/3976/3977/5604/5605/5594/5600/6300/5603/1432/5595/4211/4609/79923/4893/3175/5013/5080/84759/7703/10336/84333/84108/5290/5291/5293/5295/5296/8503/5460/5462/5894/5978/55183/9869/6498/4086/4087/4088/4089/4090/4093/56916/6657/6774/6926/6929/6932/7471/80326/7480/7481/51384/7472/7482/7473/89780/54361/7474/81029/7475/7476/7477/7479/7483/7484/463/7547",134
"hsa04611","Platelet activation","120/7005","124/7860",0.00164093995084234,0.00753881107850756,0.00380507814688079,"60/71/107/108/109/196883/111/112/113/114/115/207/208/10000/54518/2909/9138/23365/695/1277/1278/1281/2149/9002/2207/2212/83706/2266/2534/10672/2770/2771/2773/2776/2778/2811/2812/2814/51206/2815/2982/2977/2983/3673/3674/3688/3690/3708/3709/3710/8681/3937/4067/5594/5600/6300/5603/1432/5595/10627/103910/4638/85366/91807/340156/4846/84876/5023/5028/64805/5290/5291/5293/5294/5295/5296/8503/23533/146850/5321/100137049/8605/283748/123745/255189/23236/5330/5331/5332/5336/5499/5500/5501/4659/5566/5567/5584/5590/5592/5593/5739/5742/5906/5908/10125/10235/387/6093/9475/8773/6714/6786/6850/6915/6916/7094/83660/8673/7408/7450",120
"hsa05134","Legionellosis","55/7005","55/7860",0.00173437643517755,0.00777470942804604,0.00392414355989705,"317/375/23786/664/718/834/836/840/841/842/929/1195/1378/2919/2920/2921/3576/54205/1915/1917/1937/10767/3297/3303/3304/3305/3306/3310/3312/3329/3592/3593/3606/3553/3569/3684/3689/4615/4671/4790/4791/4792/58484/29108/5861/81876/5970/56681/51128/9554/7097/7099/7100/7124/7415",55
"hsa05214","Glioma","74/7005","75/7860",0.00174133870470432,0.00777470942804604,0.00392414355989705,"207/208/10000/369/578/581/673/801/805/808/810/91860/163688/8536/57118/57172/815/816/817/818/814/595/1019/1021/1026/1029/1643/1869/1870/1871/1950/1956/1647/4616/10912/2885/3265/3479/3480/3845/5604/5605/5594/5595/4193/2475/4893/5154/5155/5156/5159/5290/5291/5293/5295/5296/8503/5335/5336/51426/5578/5579/5582/5728/5894/5925/6464/25759/53358/399694/6654/6655/7039/7157",74
"hsa03013","RNA transport","158/7005","165/7860",0.00181785607975122,0.00789397777097447,0.00398434209260541,"8086/22985/10189/22794/1207/23191/26999/11218/7919/1915/1917/10209/1964/9086/10289/1967/8892/8891/8890/8893/1965/8894/1968/8661/8662/8663/728689/8664/3646/8665/8666/8667/8668/8669/1973/1974/9775/1975/1977/253314/9470/1978/1979/8637/1981/1982/8672/1983/9669/55520/60528/2332/8087/9513/8487/50628/25929/79833/79760/54960/3837/4116/55110/4686/22916/55706/51068/57122/55746/9972/9631/23279/23511/23165/23225/91181/8021/129401/79023/348995/10762/53371/9818/23636/79902/4927/9688/4928/11097/10482/56000/55998/29107/55916/26986/80336/340529/645974/5042/8761/132430/140886/10605/51808/5411/9883/100101267/94026/10940/10775/51367/10248/10419/84305/8480/5901/5903/5905/9939/10921/11102/79897/54913/138716/10556/10557/10799/10284/6396/81929/59343/6606/6607/10073/10250/11171/7341/6613/6612/387082/10460/96764/9984/57187/84321/8563/79228/80145/7175/51095/7329/5976/26019/65110/65109/7514/57510/11260",158
"hsa04141","Protein processing in endoplasmic reticulum","158/7005","165/7860",0.00181785607975122,0.00789397777097447,0.00398434209260541,"267/468/22926/1388/4287/573/9532/578/581/10134/596/811/821/823/824/1410/8454/1603/1649/1650/79139/51009/91319/3301/10294/3337/51726/54788/3300/64215/54431/5611/80331/85479/285126/9695/55741/80267/27102/5610/9451/440275/1965/27248/2081/30001/56605/10961/26232/26270/23193/9709/3320/3326/7184/3303/3304/3305/3306/22824/3309/3310/3312/23640/10808/10525/3998/10960/4121/10905/11253/57134/5609/4217/5602/5599/5601/10299/8720/51360/7841/4780/55768/55666/55968/10956/5034/2923/9601/10130/9373/23645/10113/5589/5071/5886/5887/9978/91445/6048/6184/6185/6238/56681/51128/6396/10484/10483/10802/10427/9632/9871/22872/25956/29927/55176/10952/23480/7095/11231/6400/80343/55829/64374/6500/6745/6746/6747/6748/3703/201595/10273/258010/84447/7186/23471/7991/81567/7321/7322/7323/51619/7326/7327/51465/118424/10277/29979/29978/56893/80700/7353/56886/55757/7415/7466/7494/55432",158
"hsa04371","Apelin signaling pathway","132/7005","137/7860",0.00186163679249391,0.00790722357903132,0.00399102767395902,"59/107/55811/108/109/196883/111/112/113/114/115/185/207/208/10000/8862/187/8678/4207/100271849/801/805/808/810/91860/163688/814/595/999/1958/11337/23710/11345/10672/2770/2771/2773/2776/2782/2783/2784/59345/10681/2790/2791/55970/51764/54331/2785/2786/2787/2788/94235/2792/2793/9759/10014/3265/3708/3709/3710/182/10365/3845/3991/5604/5605/5594/5595/4205/4208/4209/22808/2475/4633/4634/4635/4638/85366/91807/340156/4842/4843/4846/4854/4893/4899/5140/5289/5294/30849/23533/146850/5327/23236/5330/5331/5332/5346/10891/5562/5563/5564/5565/5566/5567/5571/51422/53632/5581/5894/6194/6198/6199/6237/22800/6261/6262/6263/5054/6546/6543/6547/6548/4087/4088/4089/56848/6696/7019/7046/7350",132
"hsa00562","Inositol phosphate metabolism","73/7005","74/7860",0.00193235905997702,0.00790722357903132,0.00399102767395902,"4329/10423/9896/3612/3613/54928/3628/3631/8821/3632/3633/3635/56623/22876/27124/51763/3636/253430/64768/51477/3705/3706/3707/80271/9562/55586/4534/8776/64419/8898/8897/9110/9107/9108/55613/4952/55361/55300/5297/5298/5286/5287/5288/5289/5290/5291/5293/5294/200576/5305/8396/79837/8394/8395/23396/138429/23236/5330/5331/5332/5333/113026/84812/51196/5335/5336/23007/9651/5728/22908/8867/8871/7167",73
"hsa05100","Bacterial invasion of epithelial cells","73/7005","74/7860",0.00193235905997702,0.00790722357903132,0.00399102767395902,"60/71/79658/26084/10552/10095/10109/10094/10093/10092/81873/9564/857/858/859/867/23607/998/999/1211/1212/1213/8218/1398/1399/1495/1496/29119/1499/2017/1759/1785/26052/1793/9844/63916/79767/2335/2549/3059/3611/3678/3688/10459/4233/5290/5291/5293/5295/5296/8503/5747/5829/5879/387/391/1731/55752/4735/55964/23157/23176/10801/6464/25759/53358/399694/6714/7414/7454/8936/10163/8976",73
"hsa03460","Fanconi anemia pathway","54/7005","54/7860",0.00194771147360034,0.00790722357903132,0.00399102767395902,"545/84126/641/672/675/83990/378708/100526739/201254/146956/197342/2067/2072/80233/91442/22909/2175/2187/2176/2177/2178/2188/2189/55215/55120/57697/3280/4292/80198/79728/5395/5429/11201/51426/353497/5888/5889/51455/5980/80010/116028/6117/6118/6119/29935/548593/79008/84464/9894/7156/8940/29089/7398/57599",54
"hsa03015","mRNA surveillance pathway","89/7005","91/7860",0.00197056991401727,0.00790722357903132,0.00399102767395902,"22985/10189/100529063/22794/10978/29894/53981/51692/10898/11052/79869/1477/1478/23283/1479/26528/7919/9775/2107/81608/2935/23708/10767/4116/55110/4440/124540/4686/22916/11051/10482/56000/55998/29107/55916/26986/80336/340529/645974/5042/8761/132430/140886/8106/390748/10914/56903/64895/51585/53918/5411/5499/5500/5501/5515/5516/5518/5519/5520/5521/5522/55844/5523/28227/55012/5525/5526/5527/5528/5529/84305/9939/8732/8731/10921/10284/23049/23381/23293/9887/10250/29101/8189/5976/26019/65110/65109/55339/80335",89
"hsa04666","Fc gamma R-mediated phagocytosis","89/7005","91/7860",0.00197056991401727,0.00790722357903132,0.00399102767395902,"207/208/10000/273/382/10552/10095/10109/10094/10093/10092/81873/50807/8853/55616/274/998/1072/1073/1398/1399/1785/1794/2209/2212/2213/2214/9846/2934/3055/3635/3636/27040/3984/3985/4067/5604/5594/5595/4082/65108/4651/653361/5058/5290/5291/5293/5295/5296/8503/8394/8395/23396/5321/100137049/283748/123745/255189/8398/5335/5336/5337/5338/8611/8612/8613/5578/5579/5580/5581/5582/5788/5879/5880/5894/6198/6199/85477/56848/6850/7408/7409/7410/10451/7454/8936/10163/10810/8976",89
"hsa04520","Adherens junction","71/7005","72/7860",0.00237838387709123,0.00911866711052376,0.00460248182234638,"52/60/71/87/81/4301/10458/998/999/1387/1457/1459/283106/1460/1495/1496/29119/1499/1500/1956/2033/2064/9855/2241/2260/2534/3480/3643/8826/51176/4008/6885/5594/5595/4233/5818/5819/25945/81607/51701/56288/5770/5777/5787/5792/5795/5797/5879/5880/387/4087/4088/4089/6615/6591/10580/6714/117178/6932/83439/6934/7046/7048/7082/7414/7454/8936/10163/10810/8976/7525",71
"hsa05412","Arrhythmogenic right ventricular cardiomyopathy (ARVC)","71/7005","72/7860",0.00237838387709123,0.00911866711052376,0.00460248182234638,"60/71/88/89/488/775/776/778/779/781/9254/55799/93589/782/783/784/785/10369/10368/27092/27091/59285/59284/59283/1000/1495/1496/29119/1499/1605/1674/1756/1824/1829/1832/2010/2697/3672/8515/22801/3673/3674/3675/3676/3678/3655/3679/8516/3680/3685/3688/3690/3691/3693/3694/3695/3696/3728/3908/51176/4000/5318/6262/6442/6443/6444/6445/6546/6932/83439/6934",71
"hsa04211","Longevity regulating pathway","87/7005","89/7860",0.00238753744534218,0.00911866711052376,0.00460248182234638,"107/108/109/196883/111/112/113/114/115/9370/51094/79602/207/84335/208/10000/26060/1386/468/1388/60673/9776/9474/581/814/10645/847/1385/10488/90993/64764/84699/148327/9586/79813/10919/1977/253314/9470/1978/2308/2309/3265/3479/3480/3643/3667/8660/8471/9365/3845/2475/4790/4893/5290/5291/5293/5295/5296/8503/5468/10891/5562/5563/5564/5565/5566/5567/5571/51422/53632/9821/5970/6009/6198/6199/57521/27244/83667/143686/23411/6648/6794/7157/7248/7249/8408",87
"hsa05235","PD-L1 expression and PD-1 checkpoint pathway in cancer","87/7005","89/7860",0.00238753744534218,0.00911866711052376,0.00460248182234638,"207/208/10000/238/10538/116071/55509/919/29126/940/915/916/917/920/1147/1457/1459/283106/1460/1950/1956/27436/2353/3091/3265/3458/3459/3460/3551/8517/3716/3717/3725/3845/27040/3932/5604/5605/5606/5608/4215/5594/5600/6300/5603/1432/5595/2475/4615/4772/4773/4775/4790/4792/4793/4794/4893/5133/5290/5291/5293/5295/5296/8503/5335/5530/5532/5533/5534/5588/5728/5781/5777/5894/10125/5970/6198/6199/6772/6774/353376/114609/7097/7099/54106/7189/7535",87
"hsa04024","cAMP signaling pathway","201/7005","212/7860",0.00259530438278097,0.00979418439692341,0.0049434369195828,"10257/51/8310/107/55811/108/109/196883/111/112/113/114/115/116/117/134/135/153/154/4301/207/208/10000/268/64411/476/477/478/480/481/482/483/23439/488/490/491/492/493/572/627/673/775/776/778/779/801/805/808/810/91860/163688/815/816/817/818/814/1080/1081/1128/1129/1259/1261/1262/1258/54714/1385/10488/90993/64764/84699/148327/9586/1387/1812/1813/1816/1906/1907/1908/1909/2033/2149/2867/2353/2492/5348/486/2550/9568/2641/51738/2696/2735/2737/2740/2770/2771/2773/2778/2890/2891/2892/2893/2902/2903/2904/2905/2906/116443/116444/27198/338442/8843/610/10021/64399/3350/3351/3352/3354/3355/3360/3362/3725/3991/5604/5605/5594/5602/5595/5599/5601/4158/10398/4772/4790/4792/4878/4881/4852/4886/84876/5020/5021/5058/10846/5139/5140/5142/5143/5144/5290/5291/5293/5295/5296/8503/51196/5337/5338/5350/5443/5465/5499/5500/5501/4659/84152/5566/5567/5727/5732/5733/5879/5880/5894/5906/5908/10411/11069/5970/387/6093/9475/6237/22800/6262/6548/6662/6750/6751/6752/6755/56670/7074/7253/7409/7410/10451/7432/7434",201
"hsa04068","FoxO signaling pathway","127/7005","132/7860",0.00280022852739189,0.0104432052139203,0.00527101840450238,"116986/207/208/10000/369/9140/472/10018/604/664/673/847/891/9133/85417/595/894/901/1017/1026/1027/1030/1032/1147/1387/1454/1950/1956/2033/356/26260/114907/2290/2308/2309/4303/2538/92579/11337/23710/11345/1647/4616/10912/2885/2911/9456/9455/9454/3265/3479/3480/3551/3586/3569/3575/3643/3667/8660/8471/10365/3845/5604/5605/5594/5602/5600/6300/5603/1432/5595/5599/5601/4193/51701/4893/5105/5106/5170/5290/5291/5293/5295/5296/8503/5347/10769/1263/10733/5562/5563/5564/5565/5571/51422/53632/3276/5728/5894/5896/5934/1901/8698/80854/6446/10110/23678/100533105/23411/6502/6517/4087/4088/4089/6648/6654/6655/6774/6794/6789/7042/7043/7046/7048/8743/102800317/7874",127
"hsa05210","Colorectal cancer","84/7005","86/7860",0.00317871245048083,0.0116838879727424,0.00589723052251982,"207/208/10000/324/10297/26060/369/374/8312/8313/572/578/581/27113/596/10018/332/673/836/842/595/1026/1499/54205/1630/1643/1950/1956/2069/2353/1647/4616/10912/2885/2932/3265/3725/3845/51176/5604/5605/5594/5602/5595/5599/5601/4292/4436/4437/2956/2475/4609/4893/5290/5291/5293/5295/5296/8503/5366/51426/5879/5880/5894/5898/5899/5900/387/6198/6199/4087/4088/4089/6654/6655/6932/83439/6934/7039/7042/7043/7046/7048/7157",84
"hsa04920","Adipocytokine signaling pathway","68/7005","69/7860",0.0032434767873859,0.0116838879727424,0.00589723052251982,"32/23205/81616/2180/2181/2182/51703/23305/9370/51094/79602/181/207/208/10000/10645/948/1147/1374/1375/126129/2538/92579/3551/8517/3667/8660/8471/3717/3952/3953/5602/5599/5601/2475/4790/4792/4793/4794/4852/5105/5106/5443/5465/10891/5562/5563/5564/5565/5571/51422/53632/5588/5781/5970/6256/6257/6258/6513/6517/9021/6774/6794/7124/7132/7133/8717/7186",68
"hsa05211","Renal cell carcinoma","68/7005","69/7860",0.0032434767873859,0.0116838879727424,0.00589723052251982,"207/208/10000/369/405/9915/572/673/998/1026/1387/1398/1399/8453/54583/112398/112399/6923/6921/2033/2034/2113/2271/201163/2549/2885/3082/3091/3265/3725/3845/5604/5605/5594/5595/4233/4893/5058/5062/5063/10298/57144/56924/106821730/5155/5290/5291/5293/5295/5296/8503/5546/5781/5879/5894/5906/5908/2889/9978/6513/6654/6655/7030/7039/7042/7043/7422/7428",68
"hsa04530","Tight junction","162/7005","170/7860",0.00335464716862957,0.0119485747466918,0.00603082637057002,"60/71/87/81/10097/10096/57180/653857/4301/154796/154810/51421/55114/23370/9181/11149/776/595/909/910/911/912/913/998/1019/1080/57530/84952/9076/9071/5010/23562/24146/10686/51208/149461/9075/49861/53842/137075/1365/1364/7122/9074/1366/9080/92359/2017/1739/1740/1741/54566/2064/7430/50848/2626/3059/3308/150084/3688/58494/83700/3725/3996/3993/9223/5609/4214/4217/5602/5599/5601/153562/91862/79778/8777/58538/64398/4478/4619/4628/4629/8735/79784/22989/4620/4621/57644/4626/4627/10627/103910/4633/4637/140465/10398/4734/23327/4771/100506658/56288/50855/84612/84552/10207/5111/5515/5516/5518/5519/5520/5521/5522/55844/5562/5563/5564/5565/5566/5567/5571/51422/53632/5581/5584/5590/5872/4218/51762/5879/5906/57826/9693/51735/5962/387/6093/9475/861/23513/9368/6714/6794/8189/11346/7074/93643/7082/9414/27134/7846/10376/84790/112714/7277/51807/79861/7408/7454/8976/123720/8531",162
"hsa04380","Osteoclast differentiation","123/7005","128/7860",0.00386355687594257,0.0134873948388938,0.00680751789975711,"54/207/208/10000/29760/695/799/814/1147/1385/1435/1436/1513/1535/1540/2209/2212/9103/2213/2214/2215/2274/2353/2354/8061/2355/2534/9846/2885/3454/3455/3458/3459/3460/3551/8517/3552/3553/3554/10379/3690/3716/3725/3726/3727/3932/3937/11024/11027/23547/353514/79168/10859/10288/11025/102725035/11006/10990/5604/5608/5609/9020/6885/5594/5602/5600/6300/5603/1432/5595/5599/5601/4286/653361/4688/4689/4772/4773/4790/4791/4792/126014/5290/5291/5293/5295/5296/8503/5336/5468/5530/5532/5533/5534/5879/5970/5971/140885/10326/55423/8651/9021/6688/8878/6772/6773/6850/10454/23118/7006/7042/7046/7048/7124/8792/4982/7132/8600/7186/7189/54209/7297/7305",123
"hsa05225","Hepatocellular carcinoma","160/7005","168/7860",0.00387177580548685,0.0134873948388938,0.00680751789975711,"60/71/86/51412/207/208/10000/324/10297/369/8289/57492/196528/8312/8313/572/578/581/598/673/29117/595/1019/1021/1026/1029/1452/122011/1499/1643/8193/8110/1855/1856/1857/1869/1870/1871/1956/2002/10023/23401/8321/11211/2535/7976/8322/7855/8323/8324/8325/8326/2549/1647/4616/10912/2885/2932/2938/2941/2944/2946/2947/2948/2949/9446/119391/2950/653689/3082/3162/3265/3480/3481/9817/3845/51176/4041/4040/5604/5605/5594/5595/4233/4257/4258/4259/2475/4609/4780/1728/4893/55193/55274/5290/5291/5293/5295/5296/8503/5335/5336/51426/5578/5579/5582/5728/5894/5925/6198/6199/6464/25759/53358/399694/4087/4088/4089/6595/6597/6598/6599/6601/6602/6603/6604/6605/6654/6655/6932/83439/6934/7015/7039/7042/7043/7046/7048/7157/7296/10587/114112/7471/80326/7480/7481/51384/7472/7482/7473/89780/54361/7474/81029/7475/7476/7477/7479/7483/7484",160
"hsa05145","Toxoplasmosis","109/7005","113/7860",0.00417948683839799,0.014394564784399,0.00726539547477553,"207/208/10000/240/572/596/598/329/330/79444/836/841/842/1234/958/959/1147/4261/54205/2770/2771/2773/2775/3108/3109/3111/3112/3113/3115/3117/3118/3119/3122/3123/3127/3303/3304/3305/3306/3310/3312/3458/3459/3460/3551/8517/3586/3587/3588/3592/3593/3654/51135/345611/3655/3688/3716/3717/284217/3908/3909/3910/3911/3912/3913/3914/22798/3915/3918/10319/3949/23643/5606/5608/6885/5594/5602/5600/6300/5603/1432/5595/5599/5601/4615/4790/4792/4793/4843/5170/5294/23533/146850/10105/5970/8651/6772/6774/10454/23118/7042/7043/7097/7099/7124/7132/7189/7297/331",109
"hsa04146","Peroxisome","81/7005","83/7860",0.00422301111971328,0.014394564784399,0.00726539547477553,"215/225/5825/5826/30/10005/51/8309/8310/2180/2181/2182/51703/23305/8540/189/23600/570/847/1384/54677/1610/8528/26063/10901/1891/10455/1962/2053/84188/55711/8443/373156/26061/51179/3155/54511/3295/3417/3418/23417/4358/255027/84769/4598/4843/83594/390916/283927/196743/55825/5189/5192/8800/8799/92960/5193/5194/5195/9409/5824/5828/55670/8504/5830/51555/5190/5191/5264/51268/10654/5052/25824/5827/11264/6342/10478/11001/6647/6648/7498",81
"hsa01522","Endocrine resistance","95/7005","98/7860",0.00434567375686248,0.0145008271676359,0.00731902948524207,"8647/107/108/109/196883/111/112/113/114/115/207/208/10000/369/572/581/596/638/673/10498/595/1019/1026/1027/1029/1031/1565/107987478/107987479/28514/54567/1869/1870/1871/1956/2064/2099/2100/2353/2778/2852/2885/1839/3265/3479/3480/182/3714/3725/3845/5604/5605/5594/5602/5600/6300/5603/1432/5595/5599/5601/4193/5469/4313/4318/2475/8202/9611/4851/4853/4854/4855/4893/5290/5291/5293/5295/5296/8503/5566/5567/5747/5894/5925/6198/6199/6464/25759/53358/399694/6654/6655/6667/6714/7157",95
"hsa04925","Aldosterone synthesis and secretion","95/7005","98/7860",0.00434567375686248,0.0145008271676359,0.00731902948524207,"107/108/109/196883/111/112/113/114/115/183/185/466/1386/468/1388/476/477/478/480/481/482/483/23439/490/491/492/493/775/776/778/8913/8912/8911/779/801/805/808/810/91860/163688/8536/57118/57172/815/816/817/818/814/1385/10488/90993/64764/84699/148327/9586/1583/1589/747/221955/2767/2776/2778/3283/3284/3708/3709/3710/3762/3777/51305/3949/3991/4158/4878/4881/3164/4929/84876/5138/23236/5330/5331/5332/5443/5566/5567/5578/5579/5581/5582/5587/25865/23683/949/6770",95
"hsa05221","Acute myeloid leukemia","65/7005","66/7860",0.00441592429546194,0.0145817500173066,0.0073598738257699,"207/208/10000/369/572/597/673/8900/595/929/1050/1053/1147/1436/1437/1848/1978/2209/2322/2885/3265/3551/8517/3684/3728/3815/3845/51176/5604/5605/5594/5595/4353/2475/4609/4790/4893/8864/5290/5291/5293/5295/5296/8503/5292/11040/5371/5467/5894/5914/5970/6198/6199/861/862/6654/6655/6688/6774/6776/6777/6932/83439/6934/7704",65
"hsa04670","Leukocyte transendothelial migration","108/7005","112/7860",0.00454296521628247,0.0148465976655829,0.00749355087221852,"60/71/87/81/4301/2909/394/9564/4267/998/1003/9076/9071/5010/23562/24146/10686/51208/149461/9075/49861/53842/137075/1365/1364/7122/9074/1366/9080/1495/1496/29119/1499/1500/6387/7852/1535/1536/90952/7430/50848/2770/2771/2773/3383/3676/3683/3684/3688/3689/3702/58494/83700/5600/6300/5603/1432/4313/4318/4478/93408/10627/103910/4633/4636/58498/10398/29895/653361/4688/4689/100506658/5175/5290/5291/5293/5295/5296/8503/5335/5336/5578/5579/5582/5747/2185/5781/5829/5879/5880/5906/5908/10411/11069/83593/387/399/6093/9475/6494/7070/7294/7408/7409/7410/10451/7412/7414",108
"hsa04145","Phagosome","145/7005","152/7860",0.00480621774957409,0.0155466431287243,0.00784688612175361,"60/71/537/535/23545/50617/533/527/9114/245972/8992/155066/523/525/526/528/245973/51382/529/90423/9296/9550/534/127124/51606/715/718/811/821/929/30835/948/10332/64581/78989/81035/1311/11151/1514/1520/1535/1536/1778/1780/1781/51143/1783/79659/8411/2204/2209/2212/9103/2213/2214/2215/9146/3105/3106/3107/3108/3109/3111/3112/3113/3115/3117/3118/3119/3122/3123/3127/3133/3134/3135/3673/3678/3684/3685/3688/3689/3690/3693/3916/3920/4074/8685/4153/4353/4360/4481/653361/4688/4689/4842/4973/5289/200576/22925/5868/5869/5878/7879/338382/5879/83547/949/9554/29927/55176/10952/23480/729238/6441/23673/53407/8417/6890/6891/10312/7037/7057/7058/7059/7060/7097/7099/10333/7846/10376/84790/112714/7277/51807/79861/203068/81027/7280/347733/10381/10382/10383/84617/347688/9341",145
"hsa04137","Mitophagy - animal","64/7005","65/7860",0.00489241365840516,0.0156656073708529,0.00790693116509925,"55626/468/9474/79065/285973/598/23786/8678/664/665/10241/10370/1457/1459/283106/1460/1869/9451/51024/2309/139341/11337/23710/11345/3091/3265/3725/3845/5602/5599/5601/55669/9927/4286/22808/4077/4893/10133/192111/65018/5071/7879/338382/5970/55288/89941/6237/22800/6667/8878/6714/8887/64786/79735/29110/7030/7942/54543/7157/7314/8408/9958/84749/9101",64
"hsa04151","PI3K-Akt signaling pathway","330/7005","354/7860",0.00503927417450824,0.0159744991331911,0.00806283867921318,"207/208/10000/284/285/51378/374/1386/468/1388/572/596/598/10018/627/672/842/595/894/896/898/9134/930/11140/1017/1019/1021/1026/1027/1101/1128/1129/1147/1277/1278/1280/1282/1284/1285/1286/1287/1288/1291/1292/1293/256076/131873/1297/1298/1299/1311/1385/10488/90993/64764/84699/148327/9586/200186/1435/1436/1440/1441/54541/1942/1943/1944/1945/1946/1950/1956/1975/1977/253314/9470/1978/1969/2056/2057/2064/2065/2066/2069/2149/356/2246/2255/8823/8822/8817/9965/2247/26281/26291/27006/8074/2249/2250/2252/2253/2254/2260/2263/2261/2264/2321/2322/2323/2324/2335/2309/2538/92579/2688/2690/2782/2783/2784/59345/10681/2790/2791/55970/51764/54331/2785/2786/2787/2788/94235/2792/2793/2885/2932/2997/2998/3082/3265/3320/3326/7184/3381/3442/3454/3455/3479/3480/3481/3551/8517/3558/3559/3560/3561/3563/3565/3566/3569/3570/3574/3575/3643/3667/3672/8515/22801/3673/3674/3675/3676/3678/3655/3679/8516/3680/3685/3688/3690/3691/3693/3694/3695/3696/3716/3717/3718/3791/3815/4254/3845/284217/3908/3909/3910/3911/3912/3913/3914/22798/3915/3918/10319/1902/9170/23566/2846/57121/10161/9223/9863/5604/5605/5594/5595/4170/4193/4233/64223/4515/2475/4602/4609/4790/4803/4804/4846/3164/4893/4908/4909/4914/4915/5008/9180/5105/5106/5154/5155/56034/80310/5156/5159/5170/5228/23239/23035/118788/5290/5291/5293/5294/5295/5296/8503/23533/146850/5585/5586/29941/5515/5516/5518/5519/5520/5521/5522/55844/5523/28227/55012/5525/5526/5527/5528/5529/5562/5563/5578/5617/5618/5728/5747/5879/5894/5934/5970/5649/6009/6194/6198/6199/57521/6256/6446/10110/23678/100533105/6654/6655/6696/6794/6850/7010/7039/7057/7058/7059/7060/117145/7097/7099/3371/63923/7143/7148/7157/7248/7249/7422/7423/7424/2277/7448/7450/7529/7531/7532/7533/10971/7534",330
"hsa04910","Insulin signaling pathway","131/7005","137/7860",0.00550128385793017,0.0172664057719194,0.00871490512147353,"31/32/207/208/10000/369/572/673/801/805/808/810/91860/163688/867/868/1398/1399/1977/253314/9470/1978/2002/23265/2194/2203/10211/2319/2308/2538/92579/2645/2885/2932/2997/2998/3098/3099/3101/80201/3265/3551/51763/3636/3643/3667/8660/8471/3845/3991/5604/5605/5594/5602/5595/5599/5601/8569/2872/2475/4893/5105/5106/5140/5170/5255/5256/5257/5260/5261/5290/5291/5293/5295/5296/8503/5313/10891/5499/5500/5501/79660/5507/5509/90673/89801/5562/5563/5564/5565/5566/5567/5571/51422/53632/5573/5575/5576/5577/5584/5590/5770/5792/5834/5836/5837/5894/2889/6009/23433/6194/6198/6199/57521/10603/6464/25759/53358/399694/6517/8651/8835/9021/122809/10580/6654/6655/6720/9322/7248/7249",131
"hsa04932","Non-alcoholic fatty liver disease (NAFLD)","142/7005","149/7860",0.00597651194164288,0.0182930541502771,0.00923308726827867,"9370/51094/79602/207/208/10000/468/581/10018/637/836/840/841/998/1050/1327/84701/9377/1329/1337/1339/1340/125965/1345/1346/1347/9167/1349/1350/1351/341947/3576/1537/54205/1571/1649/9451/1965/2081/355/356/2931/2932/3551/3552/3553/3569/3570/3643/3667/8660/83737/3725/3952/3953/4296/4217/5602/5599/5601/6945/22877/51085/4694/4705/126328/55967/51079/4695/4696/4697/56901/4698/4700/4701/4702/4704/4706/4707/4716/54539/4708/4709/4710/4711/4712/4713/4714/4715/4717/4718/100532726/4719/4720/4722/4724/4725/4726/374291/4728/4723/4729/4731/4790/10062/5290/5291/5293/5295/5296/8503/5313/5465/5562/5563/5564/5565/5571/51422/53632/5879/5970/6256/6389/6390/6391/6392/9021/6720/7124/7132/7186/29796/10975/7381/7384/7385/7386/7388/440567/27089/7494",142
"hsa05226","Gastric cancer","142/7005","149/7860",0.00597651194164288,0.0182930541502771,0.00923308726827867,"5243/207/208/10000/324/10297/369/8312/8313/578/581/596/673/595/898/9134/999/1015/1017/1026/1027/1030/1045/1452/122011/1495/1496/29119/1499/1643/1855/1856/1857/1869/1870/1871/1950/1956/2064/2246/2255/8823/8822/8817/9965/2247/26281/26291/27006/8074/2249/2250/2252/2253/2254/2263/10023/23401/8321/11211/2535/7976/8322/7855/8323/8324/8325/8326/2549/1647/4616/10912/2885/2932/3082/3265/3728/3845/51176/4041/4040/5604/5605/5594/5595/4233/4292/2475/4609/4893/5290/5291/5293/5295/5296/8503/51426/5894/5915/5925/6198/6199/6256/6257/6258/6464/25759/53358/399694/6469/4087/4088/4089/6654/6655/6932/83439/6934/7015/7042/7043/7046/7048/7157/7471/80326/7480/7481/51384/7472/7482/7473/89780/54361/7474/81029/7475/7476/7477/7479/7483/7484",142
"hsa05217","Basal cell carcinoma","62/7005","63/7860",0.00600150672438114,0.0182930541502771,0.00923308726827867,"324/10297/8312/8313/578/581/650/652/1026/1499/1643/1855/1856/1857/8321/11211/2535/7976/8322/7855/8323/8324/8325/8326/1647/4616/10912/2735/2736/2737/2932/64399/374654/51176/51426/5727/8643/6469/6608/51684/6932/83439/6934/7157/7471/80326/7480/7481/51384/7472/7482/7473/89780/54361/7474/81029/7475/7476/7477/7479/7483/7484",62
"hsa04350","TGF-beta signaling pathway","91/7005","94/7860",0.00616915284337257,0.0185658386798876,0.00937077031161517,"90/91/130399/92/93/268/269/25805/650/652/653/654/655/353500/656/657/658/659/1030/8646/1387/8454/1634/1874/1875/2033/2331/10468/8200/392255/151449/26585/64388/57817/148738/3397/3398/3399/3400/3458/3624/3625/3626/83729/10637/7044/4052/5594/5595/4609/4681/100532736/4756/9241/5308/5515/5516/5518/5519/5933/9978/56963/285704/387/6093/6198/6199/6500/4086/4087/4088/4089/4090/4091/4092/4093/57154/64750/6667/7027/7042/7043/7046/7048/7050/60436/7057/79875/7124/9765/9372",91
"hsa00071","Fatty acid degradation","44/7005","44/7860",0.00620813533144505,0.0185658386798876,0.00937077031161517,"30/10449/33/34/35/36/37/38/39/51/8310/23205/81616/2180/2181/2182/51703/23305/124/125/126/127/128/130/131/219/217/224/501/223/1374/1375/126129/1376/1579/284541/1892/1632/10455/1962/2639/3033/3030/3032",44
"hsa04514","Cell adhesion molecules (CAMs)","139/7005","146/7860",0.00741258677049689,0.0219606542639955,0.0110842418998084,"214/23705/57863/914/933/10666/29126/80381/940/947/920/958/959/965/923/941/942/925/926/4267/999/1013/1000/1001/1002/1003/9076/9071/5010/23562/24146/10686/51208/149461/9075/49861/53842/137075/1365/1364/7122/9074/1366/9080/1272/6900/8506/26047/1493/90952/50848/2734/3105/3106/3107/3108/3109/3111/3112/3113/3115/3117/3118/3119/3122/3123/3127/3133/3134/3135/3383/3384/3385/29851/23308/152404/3676/3655/8516/3680/3683/3684/3685/3688/3689/3695/3696/58494/83700/3897/64101/94030/57689/8174/4099/4359/9019/4684/4685/5818/5819/25945/257194/4756/23114/22871/57555/54413/57502/22829/4897/9378/9379/9369/22854/84628/100506658/5133/80380/5175/5788/5792/5797/5817/6382/6383/9672/6385/6401/6402/6403/6404/6614/6693/201633/7412/1462/64115/79679",139
"hsa03440","Homologous recombination","41/7005","41/7860",0.0087873715586758,0.0254302598441042,0.0128354623818822,"84142/472/29086/9577/580/641/672/675/79184/83990/146956/25788/4361/80198/4683/79728/5424/5425/10714/57804/10111/5888/5890/5889/5892/5893/8438/5932/6117/6118/6119/29935/7979/6742/50511/7156/8940/11073/51720/7516/7517",41
"hsa05219","Bladder cancer","41/7005","41/7860",0.0087873715586758,0.0254302598441042,0.0128354623818822,"369/673/595/999/1019/1026/1029/3576/1612/23604/1613/1869/1870/1871/1950/1956/2064/2261/1839/3265/3845/5604/5605/5594/5595/4193/4312/4313/4318/4609/4893/5894/11186/5925/9252/6714/7057/7157/1890/7380/7422",41
"hsa01230","Biosynthesis of amino acids","73/7005","75/7860",0.0089046020274308,0.0254302598441042,0.0128354623818822,"100526760/48/50/95/5832/226/229/230/383/384/435/440/445/586/587/875/102724560/1373/1431/1491/2023/2026/2027/387712/2597/2752/2805/2806/2875/84706/3417/3418/3419/3420/3421/4143/4144/27430/4548/162417/5009/5053/5091/5211/5213/5214/5223/5224/441531/5230/26227/5313/5315/5631/5634/29968/5723/5831/29920/65263/6120/729020/22934/10993/113675/6470/6472/6888/6898/7086/8277/84076/7167",73
"hsa05212","Pancreatic cancer","73/7005","75/7860",0.0089046020274308,0.0254302598441042,0.0128354623818822,"207/208/10000/369/9459/572/578/581/598/673/675/842/595/998/1019/1021/1026/1029/1147/1643/1869/1870/1871/1950/1956/2064/1647/4616/10912/3551/8517/3716/3845/5604/5594/5602/5595/5599/5601/2475/4790/5290/5291/5293/5295/5296/8503/5337/51426/5879/5880/5888/5894/5898/5899/10928/5900/5925/5970/6198/6199/4087/4088/4089/6772/6774/7039/7042/7043/7046/7048/7157/7422",73
"hsa00310","Lysine degradation","58/7005","59/7860",0.00900749290148297,0.0254944218729473,0.0128678470021185,"51166/10157/38/39/219/217/224/501/223/55870/8424/79823/79709/23127/55526/1738/1743/84444/1892/1962/79813/10919/2145/2146/2639/3033/3030/123688/4297/9757/58508/8085/55904/387893/51111/84787/64324/7468/54904/85007/51268/5351/5352/8985/7799/93166/56979/9739/23067/29072/84193/80854/9869/83852/6419/6839/79723/55217",58
"hsa05142","Chagas disease (American trypanosomiasis)","99/7005","103/7860",0.00949518877851843,0.026405193523489,0.0133275424724235,"1636/107/207/208/10000/624/712/713/714/718/811/841/6347/6348/6349/414062/6352/919/915/916/917/8837/1147/3576/8772/355/356/2353/2767/9630/2769/2770/2771/2773/2774/2775/2776/2778/3458/3459/3460/3551/8517/3586/3592/3593/3553/3558/3569/3654/51135/3725/6416/5594/5602/5600/6300/5603/1432/5595/5599/5601/4615/4790/4792/4843/5290/5291/5293/5295/5296/8503/23236/5330/5331/5332/5515/5516/5518/5519/5520/5521/5522/55844/5970/5054/4087/4088/7042/7043/7046/7048/7097/7099/10333/54106/7124/7132/7189",99
"hsa04727","GABAergic synapse","86/7005","89/7860",0.00949587401160174,0.026405193523489,0.0133275424724235,"18/107/108/109/196883/111/112/113/114/115/773/774/775/776/778/779/11337/23710/11345/2550/9568/2554/2555/2556/2557/2558/2560/2561/2562/2563/2564/2565/2566/2567/2568/55879/2569/2570/2571/2572/2744/27165/2752/2770/2771/2773/2775/2782/2783/2784/59345/10681/2790/2791/55970/51764/54331/2785/2786/2787/2788/94235/2792/2793/10243/9001/3763/4905/5334/5566/5567/5578/5579/5582/57468/140679/81539/54407/10991/92745/6529/6538/6539/6540/6714/66008",86
"hsa00260","Glycine, serine and threonine metabolism","40/7005","40/7860",0.00986607976867836,0.0271960633623569,0.0137267196781612,"189/64902/211/212/501/275/314/8639/635/669/875/102724560/55349/1491/1610/1738/29958/2593/2628/23464/2653/2731/132158/27232/9380/4128/4129/5223/5224/441531/26227/51268/29968/5723/1757/10993/113675/6470/6472/63826",40
"hsa04540","Gap junction","85/7005","88/7860",0.0103415615430737,0.0282609914582273,0.0142642228180327,"107/108/109/196883/111/112/113/114/115/153/983/1453/1812/1813/1950/1956/2697/57369/2767/2770/2771/2773/2776/2778/2885/2911/2915/2982/2977/2983/3265/3356/3357/3358/3708/3709/3710/3845/1902/5604/5605/5607/10746/5594/5595/5598/4893/5154/5155/56034/80310/5156/5159/23236/5330/5331/5332/5566/5567/5578/5579/5582/5592/5593/5894/6654/6655/6714/7082/7846/10376/84790/112714/7277/51807/79861/203068/81027/7280/347733/10381/10382/10383/84617/347688",85
"hsa04916","Melanogenesis","97/7005","101/7860",0.0111467104961906,0.0302009164725848,0.0152433647811154,"107/108/109/196883/111/112/113/114/115/434/801/805/808/810/91860/163688/815/816/817/818/1385/10488/90993/64764/84699/148327/1387/1499/1638/1855/1856/1857/1906/1910/2033/8321/11211/2535/7976/8322/7855/8323/8324/8325/8326/2770/2771/2773/2775/2776/2778/2932/3265/3815/4254/3845/51176/5604/5605/5594/5595/4157/4286/4893/23236/5330/5331/5332/5443/5566/5567/5578/5579/5582/5894/6932/83439/6934/7306/7471/80326/7480/7481/51384/7472/7482/7473/89780/54361/7474/81029/7475/7476/7477/7479/7483/7484",97
"hsa05218","Melanoma","70/7005","72/7860",0.0117231361367932,0.0314935097912156,0.0158957778126009,"207/208/10000/369/572/578/581/673/595/999/1019/1021/1026/1029/1643/1869/1870/1871/1950/1956/2246/2255/8823/8822/8817/9965/2247/26281/26291/27006/8074/2249/2250/2252/2253/2254/2260/1647/4616/10912/3082/3265/3479/3480/3845/5604/5605/5594/5595/4193/4233/4286/4893/5154/5155/56034/80310/5156/5159/5290/5291/5293/5295/5296/8503/51426/5728/5894/5925/7157",70
"hsa04750","Inflammatory mediator regulation of TRP channels","96/7005","100/7860",0.0120711810459799,0.0321560032905514,0.0162301593895528,"107/108/109/196883/111/112/113/114/115/239/41/40/9311/55515/623/624/801/805/808/810/91860/163688/815/816/817/818/1573/1579/284541/2150/2776/2778/3269/3356/3357/3358/3479/3553/3554/3556/3708/3709/3710/8681/5606/5608/5602/5600/6300/5603/1432/5599/5601/4803/4914/5029/5290/5291/5293/5295/5296/8503/5321/100137049/8605/283748/123745/255189/8398/23236/5330/5331/5332/5335/5336/5499/5500/5501/5566/5567/5578/5579/5580/5581/5582/5583/5588/5732/5734/6714/8989/79054/7442/51393/162514/59341",96
"hsa05410","Hypertrophic cardiomyopathy (HCM)","82/7005","85/7860",0.0133312571512737,0.0352167376412813,0.0177750095350316,"1636/60/70/71/183/488/775/776/778/779/781/9254/55799/93589/782/783/784/785/10369/10368/27092/27091/59285/59284/59283/1605/1674/1756/1906/2010/3479/3569/3672/8515/22801/3673/3674/3675/3676/3678/3655/3679/8516/3680/3685/3688/3690/3691/3693/3694/3695/3696/3908/4000/4607/4624/4625/4633/4634/5562/5563/5564/5565/5571/51422/53632/6262/6442/6443/6444/6445/6546/7042/7043/7124/7134/7139/7168/7169/7170/7171/7273",82
"hsa05216","Thyroid cancer","37/7005","37/7860",0.0139624177430629,0.0365792266491812,0.0184627011478517,"578/581/673/8030/595/999/1026/1499/1643/1647/4616/10912/3265/3845/51176/5604/5605/5594/5595/4609/8031/4893/4914/7849/51426/5468/5979/6256/6257/6258/6932/83439/6934/10342/7157/7170/7175",37
"hsa04714","Thermogenesis","216/7005","231/7860",0.0149197471946418,0.0387668841041102,0.0195668815667433,"2180/2181/2182/51703/23305/60/71/86/51412/107/55811/108/109/196883/111/112/113/114/115/155/84335/8289/57492/1386/498/506/509/513/514/516/517/518/521/9551/10632/515/10476/522/539/353500/656/1268/55744/28958/51287/493753/388753/65260/1352/1353/84987/1355/51241/10063/285521/90639/116228/1327/84701/9377/1329/1337/1339/1340/125965/1345/1346/1347/9167/1349/1350/1351/341947/1374/1375/126129/1376/1385/10488/90993/64764/84699/148327/9586/1537/8193/8110/26291/2260/10818/2641/2778/2885/3265/23028/55818/51780/152831/3845/3991/5606/4217/5600/6300/5603/1432/11343/64223/2475/4694/4705/126328/55967/51079/4695/4696/4697/56901/4698/4700/4701/4702/4704/4706/51103/91942/25915/29078/79133/137682/55471/4707/4716/54539/4708/4709/4710/4711/4712/4713/4714/4715/4717/4718/100532726/4719/4720/4722/4724/4725/4726/374291/4728/4723/4729/4731/4878/4879/4881/4893/5346/57104/5468/10891/63976/5562/5563/5564/5565/5566/5567/5571/51422/53632/5592/5593/6009/6194/6195/6196/6197/27330/6198/6199/57521/6389/6390/6391/6392/51548/788/123096/6595/6597/6598/6599/6601/6602/6603/6604/6605/6654/6655/7248/7249/7350/29796/10975/7381/7384/7385/7386/7388/440567/27089/9658",216
"hsa04713","Circadian entrainment","93/7005","97/7860",0.0152987361180809,0.0394284499953791,0.0199007949503491,"107/55811/108/109/196883/111/112/113/114/115/116/117/775/776/8913/8912/8911/801/805/808/810/91860/163688/815/816/817/818/1385/2353/2770/2771/2773/2775/2776/2778/2782/2783/2784/59345/10681/2790/2791/55970/51764/54331/2785/2786/2787/2788/94235/2792/2793/2890/2891/2892/2893/2902/2903/2904/2905/2906/2982/2977/2983/3708/3710/3760/3762/3763/3765/5594/5595/4543/4842/9722/8864/8863/23236/5330/5331/5332/5566/5567/5578/5579/5582/5592/5593/51655/9252/6261/6262/6263",93
"hsa00250","Alanine, aspartate and glutamate metabolism","36/7005","36/7860",0.015675413462724,0.0397528485414682,0.0200645292322868,"18/158/159/122622/189/64902/8659/7915/435/440/443/80150/445/790/1373/8528/2346/2571/2572/2673/9945/2744/27165/2746/2747/2752/2805/2806/2875/84706/259307/339983/56954/5471/284716/57494",36
"hsa03030","DNA replication","36/7005","36/7860",0.015675413462724,0.0397528485414682,0.0200645292322868,"1763/2237/3978/4171/4172/4173/4174/4175/4176/5111/5422/23649/5424/5425/10714/57804/5426/5427/54107/56655/5557/5558/5981/5982/5983/5984/5985/246243/10535/79621/84153/6117/6118/6119/29935/6742",36
"hsa05010","Alzheimer disease","161/7005","171/7860",0.0164289585057985,0.0413331733836359,0.0208621695311727,"102/6868/317/322/51107/83464/348/351/22926/487/488/489/498/506/509/513/514/516/517/518/515/10476/522/539/23621/25825/572/637/775/776/778/779/801/805/808/810/91860/163688/823/824/836/840/841/842/1020/8851/1327/84701/9377/1329/1337/1339/1340/125965/1345/1346/1347/9167/1349/1350/1351/341947/1537/54205/9451/2081/8772/355/2597/2776/2902/2903/2904/2905/2906/2932/3028/3416/3553/3708/3709/3710/4023/4035/5594/5595/4137/4311/8883/23385/4694/4705/126328/55967/51079/4695/4696/4697/56901/4698/4700/4701/4702/4704/4706/4707/4716/54539/4708/4709/4710/4711/4712/4713/4714/4715/4717/4718/100532726/4719/4720/4722/4724/4725/4726/374291/4728/4723/4729/4731/4842/23236/5330/5331/5332/5530/5532/5533/5534/5663/5664/55851/10313/57142/6263/6389/6390/6391/6392/6622/7124/7132/29796/10975/7381/7384/7385/7386/7388/440567/27089",161
"hsa05146","Amoebiasis","91/7005","95/7860",0.0178846723646044,0.0445403469661688,0.022480932222672,"87/81/107/383/384/731/732/733/735/836/929/912/1277/1278/1281/1282/1284/1285/1286/1287/1288/1437/1511/2919/3576/2335/2767/9630/2769/2774/2776/2778/3315/3458/3586/3592/3593/3553/3554/7850/3569/3684/3689/284217/3908/3909/3910/3911/3912/3913/3914/22798/3915/3918/10319/4790/4843/5290/5291/5293/5295/5296/8503/23236/5330/5331/5332/5566/5567/5578/5579/5582/5747/5868/5869/5878/7879/338382/5970/5273/5275/6317/6318/5269/5272/7042/7043/7097/7099/7124/7414",91
"hsa04931","Insulin resistance","103/7005","108/7860",0.0179847457781376,0.0445403469661688,0.022480932222672,"32/183/207/208/10000/948/1374/1375/1385/10488/90993/64764/84699/148327/9586/200186/2308/2538/92579/2673/9945/2932/2997/2998/3551/3569/3643/3667/8660/5602/5599/5601/6945/22877/51085/2475/4790/4792/4846/10062/10724/8473/5105/5106/5170/5290/5291/5293/5295/5296/8503/5465/10891/133522/5499/5500/5501/79660/5507/5509/90673/5562/5563/5564/5565/5571/51422/53632/5579/5580/5581/5588/5590/5728/5524/5770/5781/5792/5834/5836/5837/5970/6195/6196/6197/27330/6198/6199/376497/11001/11000/10999/10998/28965/6513/6517/9021/6720/6774/9882/7124/7132/57761",103
"hsa04130","SNARE interactions in vesicular transport","34/7005","34/7860",0.0197567422397062,0.0485495138758672,0.0245044864988604,"10282/51272/662/9527/9570/9554/8773/9342/8677/8676/8675/55014/53407/415117/6804/112755/2054/6809/6810/6811/10228/8417/9482/55850/6843/6844/9341/8674/10791/6845/8673/143187/10490/10652",34
